camp_id,control_group_flg,revenue,margin,conversion,user_id
ED_3755,0,4.77,5.3,1,6f9be979ec9f4aba9e5f8882f9532443
ED_3755,0,7.53,8.12,1,6a0a4bdd10e670717dc6b3e364028f34
ED_3755,0,12.33,5.24,1,2b96123b22c810b530f9507e10fcee6e
ED_3755,0,5.44,4.32,1,06d37e5b5d6c45a9afab93e249348039
ED_3755,0,0.0,0.0,0,86fcb416dd0d2b9e7c358d1749ebc11a
ED_3755,0,2.18,1.49,1,b21d2416cc886437fca8b9467612344d
ED_3755,0,7.79,1.19,1,69d5a8d157ac202d57a6522959e0fb91
ED_3755,0,15.54,6.15,1,f31cff9edf87c95e2c9f9f7a8146b1af
ED_3755,0,7.59,5.16,1,f573ac4f8820fecd51b59dcee0144753
ED_3755,0,6.58,3.9,1,9f9713941560d656914a48ee4a24ee6d
ED_3755,0,6.63,11.84,1,3467dd584b7907d67795acd919e223ba
ED_3755,0,5.57,3.72,1,4205fb09b667db00791a299b5e59e3c9
ED_3755,0,7.35,4.99,1,d4792860ad3303d8b4aa460a6199c779
ED_3755,0,3.87,0.28,1,135cf895bb618f2b323b20989759a2f4
ED_3755,0,0.37,0.98,1,5d1e5557c63beb4ab57feac08427a20b
ED_3755,0,19.77,16.3,1,ab943840e143dad8582ba0788ea7e112
ED_3755,0,5.57,1.93,1,d20a0b7f4f801980109f44fe89a0e82b
ED_3755,0,9.72,9.43,1,8dc47023df42c021cbb571ba4ec24739
ED_3755,0,4.84,2.42,1,3b689f36820392225990ecd73c1a2245
ED_3755,0,4.28,2.6,1,591810edb4c2afee1416565286fd6b91
ED_3755,0,2.02,2.32,1,a10194f505b012782ebf4448b9ee6e1a
ED_3755,0,0.11,1.95,1,c5b190a4c83de3b815a16cd98586f486
ED_3755,0,20.73,20.98,1,624dca1916c786bc504c47081ff5be51
ED_3755,0,1.02,0.9,1,17bfd377b93ac80b1279ae6c102545a9
ED_3755,0,5.39,7.37,1,0a9452c8e974d9999f353a4fa4322b87
ED_3755,0,3.14,1.42,1,88c092192f339ff217d4418e8beeeb88
ED_3755,0,6.8,3.47,1,c916b6766aec1ee9dba9c44b6716bbc9
ED_3755,0,3.98,4.49,1,8c891ca5f0a81df2619427c60cd840e6
ED_3755,0,4.33,2.89,1,6938e821fc884f22a39908a844ba513e
ED_3755,0,10.29,5.56,1,dc564ff02a70dbbad761f962937a66e5
ED_3755,0,2.6,4.32,1,2cfaf726818d183c0b89ad743c4aff18
ED_3755,0,2.76,0.62,1,3a92f2e6f4873913eb44377a5ecfa2ee
ED_3755,0,0.7,4.81,1,0a9ecfcf71c9f8f1493944cc7118981d
ED_3755,0,1.69,1.53,1,9b27f36313621268542b850b0e9cf7e5
ED_3755,0,2.9,5.29,1,ad4f85c2730d56428d8a87f228088508
ED_3755,0,7.38,9.08,1,1ebb3f7cdc612dd0861c4c143ead881a
ED_3755,0,6.64,2.58,1,12be107e699e0cc8290718d94806c370
ED_3755,0,5.56,5.17,1,ec61a154fbf049fefba2ea0a3081d7b1
ED_3755,0,0.0,0.0,0,ae3f033199f748335e596b90a209f000
ED_3755,0,2.43,3.71,1,1e236414257ac4cac5a6735e7e608972
ED_3755,0,6.55,7.51,1,84ea6c600b64d51068bb4f946274f185
ED_3755,0,11.18,10.4,1,8aa6c134bf0573c5372a55847c2b6201
ED_3755,0,3.53,3.46,1,23e64f169cb2cea5c9c712666f2609d4
ED_3755,0,7.57,4.76,1,1f4fe5d958b04321b1e7b1066f28f43d
ED_3755,0,0.55,0.21,1,224e915ae15bb6bdbc55e4065af67bbf
ED_3755,0,12.15,20.3,1,b7b69eb478bc87ea0e88e6fcb737e0f8
ED_3755,0,1.9,3.39,1,ccd5948bf49306fe94d655441de219e7
ED_3755,0,4.2,2.89,1,19371424df22ce923d6120b861acb5b8
ED_3755,0,2.18,2.89,1,db9f562662639d4d21ded8fd65d22542
ED_3755,0,1.0,1.41,1,ecff4e12481277c8a6ce990d150152d2
ED_3755,0,1.69,1.22,1,0fa376f776297907592e12b0c55261d8
ED_3755,0,2.83,1.91,1,086c56b96a0a2aeac9d7afc97197be79
ED_3755,0,3.2,7.41,1,b7fc4545f51eb795fc90ef1c70bafc94
ED_3755,0,5.41,5.13,1,53cb1a1bda024ac0843125d2ddaed02f
ED_3755,0,18.49,17.49,1,0fd96d0130b2005865ecf34c45a7cdc5
ED_3755,0,1.14,0.41,1,e5713df0477de695a711709f4d738ddd
ED_3755,0,5.63,5.15,1,b7dbaa9ec95261770969b40348ae6e6b
ED_3755,0,32.82,27.73,1,1a76952a999a09e1221fe04978c9796f
ED_3755,0,2.17,1.99,1,50afca63b9b3457623f7b6196ee9c1ca
ED_3755,0,7.94,2.81,1,dc09706ecc85db668cb2881ee30b327e
ED_3755,0,4.54,3.67,1,08cc1c066cb0362566a7eb755bdc9c69
ED_3755,0,0.76,4.82,1,2e00bb1a26dc8ba116dbfd75b6469ee4
ED_3755,0,3.9,1.58,1,e2ff671bdf83f90dc2c3317e936e84b2
ED_3755,0,6.15,4.96,1,9a2ca47b4c9a947dcb306a43974ab153
ED_3755,0,3.52,3.25,1,a9b9f501b622cc502489bacbe3793404
ED_3755,0,1.15,1.34,1,a22994b0b24c9a35e11ad69d0cf07309
ED_3755,0,2.88,0.17,1,a9089fc07abdc56256272dd2bc47bc9b
ED_3755,0,5.55,2.91,1,3b26cb0ffaa422a4c2da7e682348799c
ED_3755,0,0.24,2.25,1,ae03ee81d0e3bc75555cb3c62a3c4633
ED_3755,0,1.64,0.63,1,e42b4cf7c19a7bcee751cfa5035df986
ED_3755,0,5.64,2.34,1,d5dbd0f16effae40f1adcb8a8262753c
ED_3755,0,1.51,4.42,1,2797b36242ac0c13d4f65f7d605c7ca7
ED_3755,0,1.91,7.25,1,a160ad6e8446d45a320a504eb87ff73b
ED_3755,0,0.83,3.91,1,1cc7df2d475d63350ae186ad962a420f
ED_3755,0,1.75,1.74,1,d1f2db89b75040154cc0be9681097d5e
ED_3755,0,3.51,2.35,1,1b3b79eb9929b9e248b075b695d09d80
ED_3755,0,0.44,0.86,1,41ad1cc6fd631cf418bc45d207de1f1f
ED_3755,0,6.07,3.25,1,81a2656b8038586f8a5a581614f48a2f
ED_3755,0,3.28,6.16,1,6e14b030a70dcf550cacea2ae8b16173
ED_3755,0,1.29,5.15,1,e0d3da81b7577b7d5f9dea89a3b8d95d
ED_3755,0,2.05,0.31,1,54fcb091884ac64ac866e9c01d65b73c
ED_3755,0,6.39,3.89,1,ae063c074cd3ab21c0845bb8bd5ff13b
ED_3755,0,26.18,1.47,1,fc61c869613dab27228a5074658b1419
ED_3755,0,3.18,2.55,1,cf3277ec26a30f76e3109efa6c4fd726
ED_3755,0,6.32,2.54,1,52597c04101c26215b142f5f50fba8b3
ED_3755,0,7.64,8.68,1,d66de6f32ae17b92952786b145abf97b
ED_3755,0,0.0,0.0,0,f545adbf66ed30d90e181e3a2a41fce4
ED_3755,0,5.58,4.12,1,fffc596eb0b8119c9c5ae6e1a33b0ba0
ED_3755,0,0.37,4.3,1,22532a5c41db765d4635375a6db35627
ED_3755,0,5.38,2.78,1,c3bc651afeb7744ecbdce4fda0ba4d28
ED_3755,0,4.46,2.23,1,4bd32df4b767577d9be5983af1fe93a6
ED_3755,0,16.37,14.46,1,9f3f35ba66d30f9c1cbd0de481529af1
ED_3755,0,4.64,3.35,1,c55a52e9987a0bd502ffde6b4c2d93e0
ED_3755,0,7.51,6.51,1,6a5f3c8b2c84d9480a7d14ca1752b427
ED_3755,0,0.0,0.0,0,ae76fe7ba96dea329d08809b7e8f99bb
ED_3755,0,7.22,7.35,1,47aa9570bfb6b861fffe6dd91aa6b91a
ED_3755,0,0.0,0.0,0,fa5e9cac4ea38fe5463656f3f5a17b73
ED_3755,0,5.13,2.25,1,cc1d29e8333ca9775851b944a8afb18a
ED_3755,0,4.63,3.72,1,811e59d2bc8ba0c9bfc0c849363f5ad3
ED_3755,0,3.86,2.88,1,c08d1181306b657d978594f6f3820f16
ED_3755,0,2.66,2.69,1,b48d8c6ffcdcddb74b6f267fc716f477
ED_3755,0,4.68,2.23,1,d6e1df331f384e34dd5218a5510c043e
ED_3755,0,4.36,11.08,1,ef5928a6ec11b15dd59b95b89cd5da7f
ED_3755,0,5.03,6.48,1,4fafd8d7527a63348f341752644bc1fc
ED_3755,0,6.48,3.35,1,d75701e4f0f896466c9bf7408b0e7c3b
ED_3755,0,2.57,3.05,1,e2a70ac4ba7dc2648e3b8bffb10f5c53
ED_3755,0,4.74,4.49,1,d1fca75ad2afdb7aa56f8c3bc657f87a
ED_3755,0,5.01,7.71,1,f9199a2cbdb43b0cc4b01dea580e7b10
ED_3755,0,6.71,3.66,1,c966337643fd361bf3e354e95dc9fde5
ED_3755,0,2.86,4.38,1,3e23c8f06caf70e2dcef7ecf7f297c83
ED_3755,0,5.2,4.69,1,5e00cd4312979e537a458a15731234de
ED_3755,0,0.24,0.79,1,6ae6bafafadea1172052437f06c88001
ED_3755,0,2.95,0.42,1,8c42fe428ee531a0a142f33f41005ecd
ED_3755,0,5.3,3.9,1,09fa68dbbc10e327def343a83ab0ebaa
ED_3755,0,0.0,0.0,0,96a9308d936efb6af0d0f00d3838a4df
ED_3755,0,7.89,6.06,1,ba9bd2af94baea9c06b048567d69f4c1
ED_3755,0,7.22,5.06,1,0f6681c684b40be9fd5c3ef0d2a9ee34
ED_3755,0,5.47,5.67,1,79a6fa8a10cf403ec05d7e2586d64ffa
ED_3755,0,3.03,2.16,1,37ca8afb49a992058592c3529affaf70
ED_3755,0,1.78,3.34,1,12110bd697bf5115abea63c99605e364
ED_3755,0,4.06,1.67,1,6a2029e4e31c66ba5191d2eb17085c07
ED_3755,0,3.77,5.22,1,13430f70aa67e9cd2eeadf6dfa69d74f
ED_3755,0,0.0,0.0,0,bc71303c7feb60dfc81f41871dcfcd94
ED_3755,0,4.11,6.64,1,660a73898a7fa74cded93a7732bcc885
ED_3755,0,0.0,0.0,0,3512e75ed7f90f1edbf33f3a77e85f46
ED_3755,0,0.92,1.85,1,db4bd202063f3cab84b0b44942d8b237
ED_3755,0,2.23,0.15,1,c6da4f13275d5f9aba446185653da3a2
ED_3755,0,5.35,1.12,1,fc0f62e6f56af8269ac8fbce3be6cbec
ED_3755,0,5.08,1.84,1,ad729a5a07199da0598154a5d252893d
ED_3755,0,39.02,40.06,1,3921865e006ec5d99c4cbf3205df5d5b
ED_3755,0,6.0,3.09,1,76a0f82406a84f2887c56a591ffaf8be
ED_3755,0,5.58,3.88,1,99629c9782ffb439d10c6d2b559d597a
ED_3755,0,1.18,5.49,1,da372e3cd5fba9315b0a4b120c2f1a3a
ED_3755,0,8.96,8.89,1,231537753c6766e6692e930b942f7e02
ED_3755,0,4.58,1.69,1,cc014c1e4b49f1578e07bcb48e612a32
ED_3755,0,1.59,0.59,1,40fa9bbb2e132f2b0f481badd637ecd0
ED_3755,0,5.81,5.08,1,eb129ae984d6827de825b266022f358d
ED_3755,0,1.05,5.67,1,9ecf37399e2022f9863e90201fe0cb0e
ED_3755,0,3.64,0.33,1,8dc4e1a343d3c1222a889d29091ba5fd
ED_3755,0,3.38,3.22,1,0a52db2204b71640ab0455f54b23313e
ED_3755,0,12.48,13.08,1,4b21e471df6404946542f81aaca6768d
ED_3755,0,1.53,6.05,1,8779433758d740bc29d25f8e0a3a8494
ED_3755,0,6.36,6.07,1,80ea059798d97cff8f61f1d2e84f17d2
ED_3755,0,2.46,1.66,1,5f3b63279d398b7827cd05d9ab4facec
ED_3755,0,6.49,32.31,1,82c431eab29e0cacead55445b0f4592f
ED_3755,0,5.33,3.46,1,50fc021793014432230ac06b312230d5
ED_3755,0,1.5,1.3,1,811638f04b78fcd1349a7a3f7c4e327c
ED_3755,0,2.03,0.8,1,be966dd994c1e57e41071af35a55a5e4
ED_3755,0,3.12,3.26,1,c6d9df5b173dfab0922898afeb1e983b
ED_3755,0,5.86,4.42,1,512f1fcef0c286cbfe99fa583f5a3b66
ED_3755,0,5.1,2.22,1,08e619bf870eba937b45ad8143e2ba0d
ED_3755,0,10.03,0.74,1,908b10c4ed71522b240ee444ebec64f9
ED_3755,0,3.46,4.61,1,f455750598e04f4224a5b45f0ea4c27b
ED_3755,0,5.28,3.18,1,9df98f7b0fb9f896585e7d319816af89
ED_3755,0,5.45,3.9,1,3a39e7e7648915996ba4eafdb765d96f
ED_3755,0,4.82,2.69,1,a5dd81773a781d295241b283e0360ddc
ED_3755,0,4.33,4.56,1,f29e591e3eb491835a1aedbe0627c5f5
ED_3755,0,3.17,1.78,1,388f27a0f22c7c9f826a92c84e056588
ED_3755,0,5.0,1.66,1,d9b58b0295f05d62016a8a4ec93ea7ce
ED_3755,0,3.79,1.87,1,3c0cd0fb9fbbd16417a8d5538d51561f
ED_3755,0,5.5,5.07,1,9ef54ceb716cda7c73a4249a69354800
ED_3755,0,8.19,3.33,1,bb4e09bebf40b9f8c0df5bd139fdd9b9
ED_3755,0,1.39,2.13,1,13a559e580ba58f47303140aef0514e7
ED_3755,0,3.65,2.07,1,12729ca4417c92920fb645a98db2c16d
ED_3755,0,5.86,7.0,1,8debbb578a39ad3d1d18385b31d7c42d
ED_3755,0,1.44,0.42,1,ae5454d903da89e7e0be46986e38e6e4
ED_3755,0,6.16,4.25,1,357267258016afeea79497ffec656393
ED_3755,0,1.59,2.16,1,555f552dd56ebc12c53fc9a463559434
ED_3755,0,1.9,1.98,1,9ac1ba0a046acaa4915f374ff3a5cdd7
ED_3755,0,10.25,6.39,1,d826614011a9f10fb85922ec797e2724
ED_3755,0,7.17,3.15,1,58d0860773429215e150d1d4a6ab1dd4
ED_3755,0,0.71,1.99,1,1886a1fee252349fb09084c1053caf2b
ED_3755,0,4.87,3.05,1,0105fa71a8715dad8ab368fa04495be0
ED_3755,0,0.3,2.01,1,3ca31be85fec3666f985809c45519f9a
ED_3755,0,5.13,1.65,1,61a30fd285024d173beefe010c9ec6b1
ED_3755,0,7.15,4.84,1,538e4ff90fe1c6f69cc338fe6ba1a1f5
ED_3755,0,2.52,3.4,1,26eab5720baa106c238eaca64f18194c
ED_3755,0,6.95,3.84,1,0f8bffcb154bd6d9a0b2fa966a2150f3
ED_3755,0,4.63,4.65,1,68ba3701a6b2a67652631ed3e33ca520
ED_3755,0,7.58,4.71,1,ac24bfc4b715d53db9054b294cfb7188
ED_3755,0,7.25,0.0,1,1a50b42cb7675fcd3a52feb965666e38
ED_3755,0,10.32,12.96,1,fd597146f8adf08c05a59a9aa9273afd
ED_3755,0,7.82,6.01,1,16ef5f469328ec5fe92d13d02ffd0b3c
ED_3755,0,3.04,4.14,1,00c6b9cd719042c5d62a8f9c078593e0
ED_3755,0,7.87,11.27,1,d56c4c9a8b40b0a9eb2ad60cd0025090
ED_3755,0,2.54,5.92,1,ec19e3de84124bad310627cd7d61ed79
ED_3755,0,4.11,5.28,1,07e8b38663ad2b415b62452b20715076
ED_3755,0,0.62,0.28,1,b530f773f057cdbf932620858d96a8d6
ED_3755,0,13.98,14.31,1,2f89ef963f7b6f779c99b785b0f49616
ED_3755,0,7.28,7.24,1,2c071719626dcc0212a50b2605ae9497
ED_3755,0,5.37,4.75,1,3f13084199c7bb917c44ec3cf20908fe
ED_3755,0,10.84,7.25,1,dc178d2d0d227b484d18da3ecdb8b2ac
ED_3755,0,0.22,0.24,1,02e5b3925151eca3884cdc47498dc34b
ED_3755,0,2.41,1.91,1,6bf9299ce66b69779d4d5d439e93eb4f
ED_3755,0,2.5,2.0,1,c829736f465e5519005f0a55e53ae1a1
ED_3755,0,0.43,2.26,1,5f8b7cb14d3a93592fe1b24ec185363d
ED_3755,0,6.43,5.6,1,dac4d4cd6701f2571c579e381a82b07e
ED_3755,0,1.14,0.51,1,156015a24297b2ae00eb7060b9d34565
ED_3755,0,2.49,1.39,1,61be014caabde2a610a6e49bd01f4934
ED_3755,0,3.61,0.65,1,c6afe0661549691be4772e78359baf96
ED_3755,0,3.01,0.06,1,0aef38f47f41a3277fd46a8f656c4e48
ED_3755,0,1.3,1.41,1,c22888a4488feac95d052b9a202ee842
ED_3755,0,3.63,5.87,1,a8f6af0dac53c0a9da71490806b9c7a4
ED_3755,0,5.16,3.08,1,b63327a3fb6de2b543f993b604d995d2
ED_3755,0,6.87,7.21,1,c8be455c9fc8ea27c3bdc429af7f90c0
ED_3755,0,2.21,0.23,1,066dfe91f43a1c4443dd45b23a164087
ED_3755,0,3.87,0.88,1,29ef709b9719cd90ed84538978136530
ED_3755,0,5.38,5.15,1,dc836f6f00225c7420b6fc725fbc4c9e
ED_3755,0,3.18,3.62,1,9878fb33e644397207c6e09e3bf2e1df
ED_3755,0,2.08,0.81,1,09f9efdb87a16c83ee1b139bba0f4b08
ED_3755,0,0.06,2.19,1,95806baf3a04dcb100119291e2b9d0dd
ED_3755,0,2.36,0.32,1,a79b924d95c8250c0dd44d66d0a7f5c7
ED_3755,0,0.19,1.69,1,5abce18ec25337455d9d4c1caec21ccd
ED_3755,0,7.05,2.12,1,416d9ba3933789f9e5291efd4057166e
ED_3755,0,4.11,1.2,1,49d9eae0bb960847830e0e3715fbba9b
ED_3755,0,9.76,4.68,1,a52baa47d50aee2d0a36aac0ba206736
ED_3755,0,4.38,1.58,1,fcfc5c31392c50f52c81e9b422e076fc
ED_3755,0,1.66,0.0,1,c7c2bbf808dfde03c1d7d5538a18920a
ED_3755,0,2.25,2.96,1,b29a84df4db95846fc400adb3818026b
ED_3755,0,1.93,2.6,1,6d4f1dc3adaa60bb66b31283adcf6366
ED_3755,0,2.61,1.9,1,d93ea18cbfc8104eeb7a7561cdc297c9
ED_3755,0,11.04,15.87,1,c02a453bb39a9132b9d2515124496680
ED_3755,0,1.51,2.97,1,a0554eca147003359c9267daf10fab5f
ED_3755,0,1.07,2.61,1,7ed83180a1cb03bef34d3f4917291fe7
ED_3755,0,5.4,6.1,1,f074e841387f1b388e4976e9ea08e6f2
ED_3755,0,1.25,2.38,1,c8961efdf706f4e85f24c488f296140e
ED_3755,0,0.06,1.92,1,b7613122950fc62af0a61c5082bf1312
ED_3755,0,5.83,3.97,1,b5832f2ce9b404344d0b5a152ccfe7ca
ED_3755,0,2.66,0.88,1,c03f9dd0894b4070222607cbb07eae7e
ED_3755,0,1.34,6.14,1,83ccb2130d405fa924c8c585e34c1a78
ED_3755,0,13.59,13.88,1,5f21bad193a7b7b9b56ebccaa96eebbe
ED_3755,0,0.65,0.39,1,f740203a23aedf6f113b36b5f3963272
ED_3755,0,7.66,4.04,1,da5b728c057b42c2cfb36de38841c393
ED_3755,0,7.67,11.71,1,ae42acf58ad4d4c909232f270cd9ea64
ED_3755,0,0.83,2.32,1,8abd8b26901a410ea258cafe82a29890
ED_3755,0,1.25,3.3,1,8206342f7ebd046f58ec1b7ff92fa14d
ED_3755,0,2.25,0.46,1,1b55d37932ea95234440f584a353b4e0
ED_3755,0,4.32,9.09,1,c0d03a0e664b297e2f155135451be03d
ED_3755,0,0.43,2.48,1,e417abc534fba5ea4ef9b15290352c1f
ED_3755,0,8.62,12.3,1,592b5d3b9d465724589ab2d75936e4b5
ED_3755,0,1.34,0.9,1,40e2d6f76ad7ec3920c7313b7433023a
ED_3755,0,0.0,0.0,0,9efe916550e9a7186e2191b282804ac3
ED_3755,0,8.12,14.2,1,8ed242d81adb6ded01da953b286cda1f
ED_3755,0,7.11,6.73,1,531248d62d971799867f046279bc38f4
ED_3755,0,3.8,2.25,1,d2a7b1bd986e7088f71f15381ed17ba3
ED_3755,0,15.02,13.35,1,139b7a6ac5948f43c8204f97e05c4934
ED_3755,0,2.47,5.59,1,85ddbd26688b2a3070bae9212a1a0039
ED_3755,0,0.71,1.72,1,28bb5c7ec0d92d7f9767571532bee663
ED_3755,0,7.03,4.29,1,133ec675d412731986c24de54d453172
ED_3755,0,3.42,3.22,1,f0aa8ecf1fa4feaef2940ef8806fa6f2
ED_3755,0,5.49,6.05,1,a83973b7bb8fdc4fe135efcb19dc0222
ED_3755,0,0.0,0.0,0,c245292a6a90a4bde952a57ef85c9aab
ED_3755,0,13.23,9.35,1,1ca53f0e40c13da3f311fb83e8ca6808
ED_3755,0,7.03,4.79,1,7b874dd2f28648ef1ca769109c5dbe0a
ED_3755,0,0.19,1.18,1,b339ae9126c79f1d569ab30bab3e4398
ED_3755,0,3.91,2.56,1,5dadfa6163009c9851686c0168425afa
ED_3755,0,5.66,1.67,1,22c2dc8f4807d5bb96ae12f5d15b5f07
ED_3755,0,1.27,3.13,1,de845bcf9a34c71ddec75926d9cf1697
ED_3755,0,1.47,4.94,1,42f329d547e82f5a1cf1c6eb3168dce8
ED_3755,0,0.33,0.15,1,16af71b4413be85cd4eda4903896d0a1
ED_3755,0,0.19,1.26,1,f636d31ba9f7a2e72757c80d940aa072
ED_3755,0,2.53,4.12,1,307e23a1fcaab7e8acf5ddf1e9474379
ED_3755,0,3.24,2.98,1,0a1695ee162a9a053ac26ca9f392be0d
ED_3755,0,10.06,3.4,1,ded114d3348875b13911e30932ed3d7b
ED_3755,0,0.48,3.44,1,79ec121da965d8a8e78656caa71db3fd
ED_3755,0,4.93,2.1,1,6cb1c71760d23e72ffe3c7a172a81d59
ED_3755,0,0.68,1.23,1,23daba9e54672eb11da7efc211d8e8ed
ED_3755,0,4.04,5.17,1,db5cac7a0fe9f271a04762ce687b066a
ED_3755,0,5.69,4.37,1,4b72e3fc59bc3183944cbb680beeee8e
ED_3755,0,3.72,0.9,1,41f80a42ef7d30b6fe2e6e2cc7c1b2c4
ED_3755,0,2.28,1.92,1,7248e1d20642b409d1cd07bea5eae1e9
ED_3755,0,0.0,0.0,0,ba297ce61792db4fe80695e0d6ba6e7c
ED_3755,0,1.44,2.32,1,1aab78ecbb54e27f3fb7c1fbbea94e32
ED_3755,0,7.47,5.15,1,0a948e0ec063f1ca578b2c6821bad7f8
ED_3755,0,2.73,5.24,1,08ebfc6a4eb122b9a172b9a1d577743d
ED_3755,0,1.71,4.87,1,a93261e7bb3f1e9b52b47380349d0fc0
ED_3755,0,1.85,1.9,1,aa534c17a68d5db52335e3d7085e5fa0
ED_3755,0,1.59,0.81,1,7dc2ac8dcc0cb9dcbcb0d0f1fc570d44
ED_3755,0,3.78,0.84,1,aef5f5430ee020e12d48401743619cd2
ED_3755,0,8.51,9.05,1,74f008e73cb920c35e719a16d99a852e
ED_3755,0,1.06,3.17,1,368c0371fc1fc060a425c42159f2802e
ED_3755,0,4.58,4.24,1,ff4d5980186814e8739c23a729cabf70
ED_3755,0,5.53,1.33,1,c32ed7cc304c62b4cfde575db9c860ea
ED_3755,0,4.33,5.64,1,ac9f0ff3bd081fac037ac5f52275e9d0
ED_3755,0,1.67,2.65,1,5a64d62b310eb57d1f38a2d5e0f1aaee
ED_3755,0,3.36,5.59,1,c0287a7b36f5a9067b4edf62136d9c6b
ED_3755,0,4.1,0.57,1,d2d241573ed32dff4fa8ddc7c9febfe3
ED_3755,0,0.9,1.59,1,6c710a10ca5707ae7cb9f1627edbf6ee
ED_3755,0,4.07,5.09,1,2fcb931ea2c18879467bf21aa6aea1a9
ED_3755,0,1.42,1.17,1,5009c489298cdb06bd28bcdb868afc66
ED_3755,0,0.71,0.68,1,07b4a29aae50b463ffc753023f603993
ED_3755,0,2.63,3.46,1,ceb964970e505fa3e22cd7b7a1b69158
ED_3755,0,4.03,1.25,1,b5f1533398f70996640c5dd5f355c3b6
ED_3755,0,3.77,1.45,1,a32f74c32811099009b41118198fd727
ED_3755,0,1.77,5.24,1,802ab5518e87373aeff7c1bf88d239c7
ED_3755,0,4.43,6.17,1,512169176c983cfdaf6091de5169d939
ED_3755,0,2.58,3.06,1,d1b7046b92f5a82abc26b75cd2e6245a
ED_3755,0,0.99,3.89,1,e770b5192459f77e7aa686636527a848
ED_3755,0,4.74,1.98,1,b6d47a6cbaf14efd9ac1b1879db8dfed
ED_3755,0,6.14,4.12,1,a7f412b1dddf9a1c33271880e934c628
ED_3755,0,9.81,7.91,1,0b8060cfd2ded3d41ec0f7f5dfa2e157
ED_3755,0,1.78,5.15,1,a439c7d36d99094af75658983c774e38
ED_3755,0,7.75,6.68,1,24d1662d857d1b0299e6293e3fe304c5
ED_3755,0,0.29,1.14,1,30677e7b7d5e68c3ad28f6e413dde657
ED_3755,0,17.12,13.0,1,e7e8437a661fa3230f6ddd7158505dce
ED_3755,0,5.95,6.27,1,3b85251e17b7e41988e480a3314d6723
ED_3755,0,4.24,1.02,1,85cd03e0d6834bc1961c671f1c731400
ED_3755,0,4.57,0.44,1,310d5b7cc66afc3e1411cf609f13d52f
ED_3755,0,6.67,2.65,1,f5a753ccf04a7822af9d235150faa9cc
ED_3755,0,0.64,4.63,1,68393c40245592bf7c703f8342ea21ab
ED_3755,0,1.22,0.46,1,8ab71248a54d769f7be42d782d5e0bc8
ED_3755,0,0.9,1.98,1,bd00bfd1c892347cbe7a68ebd78b14e3
ED_3755,0,2.44,1.56,1,afa61f76333e4439390aa8e090529430
ED_3755,0,17.21,22.91,1,bc04890fb0946f733a5421e1a0289798
ED_3755,0,2.34,0.84,1,ad47ddf25a2138715747020fb1212c6c
ED_3755,0,6.01,5.96,1,d09d216fc32e99fba6874394f435546d
ED_3755,0,2.24,2.58,1,a63ba6c65c8a9efb252490d2eb50323c
ED_3755,0,0.79,1.67,1,591c788c1e1eeffc83b5e1cfc9dd4d83
ED_3755,0,0.37,1.05,1,28d7906e840ca342aa5737f330f35f99
ED_3755,0,7.86,6.5,1,c0cad61ccf576bdaea89f7328aeb1b62
ED_3755,0,18.36,14.89,1,8b0b2df589dc730dda9a4f2b676703bb
ED_3755,0,4.2,1.14,1,21ee7bb6974be06bcab2f300427aee60
ED_3755,0,4.34,2.89,1,b792af5717397cd382fa26465ced95a2
ED_3755,0,0.0,0.0,0,9a7ce43e94375a1f6d781931577b73f7
ED_3755,0,2.94,3.07,1,1f50692e5e05c68996489e741748d441
ED_3755,0,15.22,9.52,1,77e43e61943aa0b25cee1673dfcbaf66
ED_3755,0,0.78,1.16,1,bbec2aa2fe067f40c378d11447f8deb0
ED_3755,0,0.2,1.72,1,6f2988aa3a125ee9cd63db6aef2433f3
ED_3755,0,6.68,6.64,1,7c1b7c858d964ef67e302ef7de58fb5f
ED_3755,0,5.31,5.11,1,e435024f642f3d37a2a38b9c7c293917
ED_3755,0,0.36,0.0,1,1baaa01fcea40862c3c22af90e0fff92
ED_3755,0,5.02,6.32,1,d4ab958d1d843f1147d1d2b5e34560b5
ED_3755,0,3.82,4.83,1,73a16a90f1f2e0994494ca59e31bd10e
ED_3755,0,12.02,11.96,1,fd75557854261d754355ac89a31186d6
ED_3755,0,3.33,0.95,1,8f8f25caf1d9f4393f8bf1ab92083f6a
ED_3755,0,22.95,14.79,1,0da44c82616f54f07fb5871c3330cfc1
ED_3755,0,23.61,32.61,1,ff8a575c488cc1c9e2c0a7cccbe5644a
ED_3755,0,3.27,0.66,1,199e902190596f47e34ca96f4e095eca
ED_3755,0,2.55,0.14,1,65bca202ba22c4f50bb5ee51a5bd59b0
ED_3755,0,6.07,2.48,1,3c5be2c513d6b5b54f31ac1662168e1f
ED_3755,0,8.35,7.85,1,0997321f1dbe67e27fdcc974f025121c
ED_3755,0,11.73,11.19,1,40021a6af64aee058291e4480e4e26b1
ED_3755,0,5.58,0.0,1,d3834d9860832959c540785c0459edde
ED_3755,0,4.13,0.95,1,9e8073a92d1a69e066bded2d371617b4
ED_3755,0,0.38,8.25,1,40ce0a234f17d7c1ee2a41a6d9221291
ED_3755,0,8.44,7.67,1,4acc328758337cf2537f83dd26f15dab
ED_3755,0,4.06,5.73,1,b23e8c1671c3433d3527434193798453
ED_3755,0,5.27,3.93,1,9c0e960ce0bf3bb36b568d63afe5d2f1
ED_3755,0,5.75,4.22,1,10e7f994b4af674337bf73fd8039c8f4
ED_3755,0,5.05,4.84,1,0ccea5d39c682e86b6e6c1b03263622e
ED_3755,0,6.05,6.09,1,f6eff73e78c1ffe57a101d9f341a3678
ED_3755,0,6.19,5.8,1,8b5a5314e37a843747d0e00c62610597
ED_3755,0,4.73,0.05,1,fb5170f63560feb6d5a4df396ef2ca38
ED_3755,0,6.66,4.71,1,617f278e8a591657634e1b7db19098a9
ED_3755,0,9.5,3.14,1,80907fc75c224bd4fbea93c0fde81e8d
ED_3755,0,12.87,14.08,1,a33a49c22f6762ec5580b0a7b24bb6ad
ED_3755,0,3.35,3.31,1,01b87e3b96a07a6f3cb09c4a1a0fbd74
ED_3755,0,6.24,2.8,1,dd4920661b5422b1f690e3164a39d563
ED_3755,0,0.61,0.02,1,d4cbdedca1eb6b0ae715c470009c1eab
ED_3755,0,3.76,3.2,1,b2d82078cf316ea41679e76ab0c2b6f6
ED_3755,0,8.92,5.95,1,5a5bf24cadd90e7522226ddd161ae497
ED_3755,0,4.02,5.63,1,325e8207ca3df44bded539c3a7765d37
ED_3755,0,5.64,8.01,1,85acafd813c789f12569169f59024eea
ED_3755,0,5.21,1.38,1,f128544440d65ae5657ad91e133b0bef
ED_3755,0,3.02,1.16,1,b37b9080c24e5f5869c9dcab9cdaf3f6
ED_3755,0,2.83,1.16,1,1aa781c930d9160d5ca974922d990842
ED_3755,0,1.16,3.57,1,e58d336b07c4862d512ec0901b9575bb
ED_3755,0,4.41,3.99,1,41f9f6b24133d53088e6e0dfa655dbe4
ED_3755,0,3.06,1.73,1,2a6ba6c79835f71dccdbbbf6ba10c89a
ED_3755,0,6.23,3.52,1,c21085fcf5ac034e6e7f7c5ebcf84853
ED_3755,0,5.65,2.19,1,7fe359572e3e4deff420c699c358ad2f
ED_3755,0,14.97,11.26,1,4eb9dbca9af37ad3bda13f65160d5466
ED_3755,0,19.41,11.54,1,6bf2084637058096425f16419edb0b6c
ED_3755,0,3.76,2.79,1,323c539347b30580941e08da9a26a002
ED_3755,0,13.63,11.2,1,44834910747828354e03ac9f4dfb614c
ED_3755,0,2.0,2.54,1,5076896520f4f14aed24e532e3975cfd
ED_3755,0,0.68,7.52,1,0e82703e9056f733f9134a523fd80d0b
ED_3755,0,3.84,2.55,1,d2656263185163d7117e7edcb25cbe5d
ED_3755,0,3.14,1.58,1,2fca8823ac8520a80a04f4f8578a7750
ED_3755,0,1.86,2.2,1,ea6a329098242e80b7a8573a05b9beef
ED_3755,0,8.24,6.67,1,52fcb02ca443333f9a051b0c36dab9a7
ED_3755,0,2.59,2.91,1,a510ec6709deb83df42c65df066479de
ED_3755,0,8.87,6.2,1,9ec3af389a5bdfaa09d2592b1085fbae
ED_3755,0,3.44,0.78,1,d3d6ffc7a48e96ee8b757a5701bc6be3
ED_3755,0,2.43,0.74,1,1bb6bc3a911c07798a5d74535b9efdc5
ED_3755,0,4.01,2.68,1,213dff034bd51092651e22ca2b2b7313
ED_3755,0,0.0,0.0,0,14a62c7ee17ab6ce203243f5fd4936f9
ED_3755,0,2.15,0.72,1,4ca20114f01e6a74139a09806cade2d8
ED_3755,0,0.95,0.25,1,80199c8e77508b2b2fdece6e833dc552
ED_3755,0,29.03,23.24,1,3b78450bd4ae4a9ea7dc1610eb15cf4b
ED_3755,0,6.09,7.49,1,5a97703dbd3803946836da203ffab57a
ED_3755,0,6.67,8.92,1,542544f4f9991dc66a2efc860f6c1fc6
ED_3755,0,13.22,3.89,1,b5fe9c0abf33869b1f792d96a3c0a98a
ED_3755,0,3.14,1.29,1,3002fba3a610d73c030d1c2b83ede78f
ED_3755,0,1.82,1.27,1,03b5de2a6f970922350dbb548c1c3d7b
ED_3755,0,1.36,0.49,1,6f7a364d10b50990246fbd0be2509b99
ED_3755,0,14.99,17.26,1,0063b3efb5ea62b1edbb0768749b1a39
ED_3755,0,3.78,4.65,1,8bed8beb9e85f7dca436c9ade2cbb23a
ED_3755,0,1.08,1.66,1,17e4f14eae194f8b3d443cb4327c28b9
ED_3755,0,7.21,4.63,1,c6f7498ea86fac394ec25b6131abbb11
ED_3755,0,3.84,7.22,1,efb011ce767002eb4c84261e45891f92
ED_3755,0,1.54,4.71,1,ade72885015991a3b7880509d50c9fb6
ED_3755,0,0.7,1.73,1,8f2a19ac4585f4ec202a5d2ac4ba4dae
ED_3755,0,5.74,4.42,1,bdf38d52ebb1e1faba7afa1809de83db
ED_3755,0,4.53,0.62,1,4ca74bff7dc4145eedb7f30a81c7760e
ED_3755,0,4.44,3.92,1,87da059b6e2c66309562bfff6bb9518e
ED_3755,0,5.74,4.63,1,4a55a5a1649a01f5ed579c276197ec58
ED_3755,0,3.45,5.31,1,9f8864ccc72bd8e0ae673007b38dad26
ED_3755,0,5.54,5.02,1,04f967731b550b61c6a2fb5abf92bf8d
ED_3755,0,4.49,4.55,1,137d041963f22fa6da7cddc4ef216aaa
ED_3755,0,0.83,5.5,1,d4a2ae394e117cca8fc349989906afd1
ED_3755,0,6.25,4.61,1,081844fe1c569611fac1fa2085b32b52
ED_3755,0,2.04,4.65,1,9ff3069437252ca7a94bcfb23ad43f17
ED_3755,0,0.52,0.32,1,8977e2c1a1c79c93d824d3a3a7e897f2
ED_3755,0,11.21,2.73,1,0d5848053a25040ee65ae55ec44f93e4
ED_3755,0,7.35,4.88,1,544e3247ca06cf1996fccf0b6b04dd27
ED_3755,0,7.51,7.29,1,bfb3c73cbb90f6a2cca2385836034f9e
ED_3755,0,5.56,2.05,1,d9234b0a21e8aafda87a4fa8a8721ae2
ED_3755,0,4.31,3.08,1,66df2838b7682401a5423faf64a7c17d
ED_3755,0,6.66,2.51,1,a3f13eab6450f42af9300cced752842a
ED_3755,0,0.01,1.8,1,60c44224be93431cb152e0fd68f08212
ED_3755,0,4.83,7.23,1,7e93ceb95acac5b84d8d857e6fa89764
ED_3755,0,5.24,2.34,1,7cc3923e320489ac1051ff78639ed52e
ED_3755,0,1.82,0.16,1,97e6d26341c52e8932b85e319e6845d1
ED_3755,0,3.39,2.1,1,d06d1cc48260ca6f29b99c3e4a088ea3
ED_3755,0,3.42,6.42,1,c55144234d09a481306e7a0f4c433f33
ED_3755,0,17.75,20.02,1,ed7e8afdf13135fd4c4f0c9f9c9eb57f
ED_3755,0,0.04,0.45,1,819e9677b7b073d5fe093199ccf329b6
ED_3755,0,5.25,0.0,1,895285228467adf329e93e52cb9b1e63
ED_3755,0,3.99,5.42,1,010b76208642a59e2b4a61aecbb644e2
ED_3755,0,6.14,6.27,1,149b8d52666c4a43a26718561c2ebfca
ED_3755,0,0.87,2.29,1,4faebb8637a02bde01d135977ee398ac
ED_3755,0,5.32,3.39,1,725018f42525530b7f8df663262f6b57
ED_3755,0,2.68,0.94,1,f8e494acd29d5bcddccb0b66d9ffc331
ED_3755,0,0.16,2.52,1,1cf7b144cc403757e0585a294f114dad
ED_3755,0,3.22,4.83,1,22f5907e5cd3bc03fb7d93dba2735239
ED_3755,0,5.14,3.34,1,b7cc8e1cb4d4e1281bde3d4a20605d99
ED_3755,0,1.24,3.81,1,9cca634bbb8db692d7ccb8f7205d7728
ED_3755,0,7.2,6.29,1,7bbd5a9e9bf56330f9543747180df630
ED_3755,0,0.0,0.0,0,c93c06640fdd2fc18b8e7d9aafc77fdf
ED_3755,0,2.48,0.3,1,ea604959113a5ee509aec01fcf13788f
ED_3755,0,11.64,7.74,1,4c33906dba30585b80584a730ebd3855
ED_3755,0,4.62,2.88,1,3a4cab7d060c51db4fdcf063bfe63027
ED_3755,0,5.82,3.07,1,6c4e07fb3eaf8873877277a6ebcb179a
ED_3755,0,1.86,0.97,1,98cc7e4a5c25c184292787adefc4117a
ED_3755,0,6.87,3.87,1,c7a4d4b7d836e9faf8258e3651f0ab8c
ED_3755,0,5.32,0.0,1,2526e9a9ce8b5da91e703ed6696aba79
ED_3755,0,0.6,0.13,1,92af368d6f7a64464d400949faf51445
ED_3755,0,9.85,11.91,1,61b8561428048df53859eb984c1fa6fe
ED_3755,0,2.16,1.06,1,ef76a06f763b3597ef88399580ed1554
ED_3755,0,13.5,4.83,1,ef6adbb8757de1c5b6a4329dbda8033a
ED_3755,0,0.7,3.29,1,fd57c5cbedf25cbbb1539354cf361e4b
ED_3755,0,0.02,4.53,1,2c49830e2633518761b583f7b9e4f540
ED_3755,0,4.46,6.57,1,73076916d500032ba73c3da36ecf1ead
ED_3755,0,5.69,2.87,1,a5d97c846c2e93971865a2c19b9f7587
ED_3755,0,31.73,25.21,1,62a249af009bf5df7cb37aa1d87fe60c
ED_3755,0,3.3,0.06,1,440720e407644d02a6e347482d249316
ED_3755,0,20.34,20.85,1,9163210ac4b0f083f41ab2a2800b7b22
ED_3755,0,4.87,1.45,1,14ea3f330443aea3a860623c89033d5f
ED_3755,0,11.34,6.81,1,51a6cffb1a8b6f076fba04d1280a1be9
ED_3755,0,5.08,4.85,1,46d76a6b9647145a37d95621490b50ee
ED_3755,0,0.0,0.0,0,6298174691fe938ee8954bd52e0b45f8
ED_3755,0,5.51,2.62,1,6aca8ed7c429ecbf37d89793b34b42dc
ED_3755,0,0.41,2.47,1,2431926a62abd87f6d522298f7c1b9a2
ED_3755,0,0.01,2.31,1,819134d7d0458670ca410997c55654ca
ED_3755,0,10.9,5.87,1,2cecc5179ba82829e74268f7d476c33d
ED_3755,0,4.19,3.96,1,78f9a5c06a9b7fdf7ed59487560371d7
ED_3755,0,73.07,10.97,1,319acb1f36bd66d9e4e891713f312ad7
ED_3755,0,11.45,9.83,1,9a02ee02d58e1acc811adf1f375a75f3
ED_3755,0,36.35,34.21,1,424b163cc3270e23e63e73b656d7533f
ED_3755,0,0.63,2.07,1,5ae2978d45f4ddd1d056a50221746d86
ED_3755,0,2.86,2.94,1,70cac83528ebd5d6a8ee016d430862bd
ED_3755,0,4.48,0.0,1,f83839f3ed862c7df4b15251722db326
ED_3755,0,3.25,9.05,1,cc0e719964ca8bb4fb18e208104812d3
ED_3755,0,5.64,6.54,1,7ba009bc50470e0e87d5a177e88d466e
ED_3755,0,7.42,8.78,1,a09f1897d538eb619097903aab207aa2
ED_3755,0,5.94,3.34,1,106c935b26f3500ae4c457e9e9fc2cd8
ED_3755,0,6.9,4.88,1,53f6000d652833da84c4d4cec0510c3d
ED_3755,0,5.61,1.46,1,41cd0d8ae7b6229383dab1697b81cd3a
ED_3755,0,5.12,3.39,1,fd8795c078614f2a4eb0aeb0a8c3fe8c
ED_3755,0,6.42,7.18,1,e59848bafea876aaae0f8946337ae68c
ED_3755,0,2.54,2.66,1,97448c92c9ad7263f7534d6f9fafb2d9
ED_3755,0,6.35,1.74,1,c5dffcd7b89db6939d02ec7b78492436
ED_3755,0,3.81,2.46,1,caea50a676611c979abeef6c1b578f02
ED_3755,0,2.44,3.17,1,55f8f187d3840748de8aeae6fd89d6a2
ED_3755,0,3.6,1.09,1,95952ff60d2c605f2e4002590573b581
ED_3755,0,3.79,3.34,1,4e9177973cd03e077c4aa42ffa04aaf5
ED_3755,0,1.58,1.7,1,9878cf2588f0c2f5d3552f2f5be2cc9f
ED_3755,0,2.62,0.72,1,6d8cc01f4733fe8ba05f35bcdbdd2158
ED_3755,0,0.46,2.41,1,1b78d9c9b3f289c4de6f743c812d6866
ED_3755,0,4.72,2.33,1,8f18ae4307fc44eb40adb83a5556dd31
ED_3755,0,13.87,17.99,1,7f55d8a473c2db02f1306e5b57756695
ED_3755,0,1.99,5.51,1,096853b35ddc4f549cf71100c622206c
ED_3755,0,5.23,2.23,1,e00a74e5e64f7bca92e17571ae6583c8
ED_3755,0,4.96,2.53,1,d0423f5be53b407d1404836091f177ad
ED_3755,0,0.37,0.77,1,e187a6eaddb97d77e601b3f8e6a9e0c9
ED_3755,0,5.73,2.39,1,96263b18e486d28dba7a5eb5c958d48d
ED_3755,0,0.0,0.0,0,d66eaf74b5eea7083ed4864bb3a71bc7
ED_3755,0,4.99,6.22,1,c433b21350d84ce7d63ca0149f459ecc
ED_3755,0,6.93,5.97,1,b9e3b9f0c2bde1edb9e1a15147f8beac
ED_3755,0,3.47,0.58,1,4acd95eaa7a9003defed63ec9a2d8554
ED_3755,0,4.27,1.78,1,4552a94b904c849a71a6ed65d45cf47d
ED_3755,0,1.11,0.0,1,0539ed2350f5ed15cd77ebd0d8f748b9
ED_3755,0,0.75,7.15,1,14036223dcbd26ad937ed7e248976fa7
ED_3755,0,1.82,1.11,1,6f572d719a028fd9da697b267baadd1c
ED_3755,0,10.01,8.99,1,d2065d580eab4bdc5a0c50bb5a72cb2f
ED_3755,0,0.09,3.07,1,ea9138dafede6a5e4747cbbabc6640e4
ED_3755,0,6.12,3.44,1,7fbde75c16ee6d33adf5c8a9ac5d9fc3
ED_3755,0,2.36,2.8,1,083c99a358b3a9946a45aa1212a3c1c5
ED_3755,0,5.92,3.98,1,19e6c576695efd9dff8f43ca8c686a56
ED_3755,0,2.36,3.93,1,18fa4976a9111d5b8ca00390b88d090f
ED_3755,0,2.0,4.62,1,b667ab2964b14383b523db59ab027a88
ED_3755,0,2.15,3.88,1,79c4ebb9cf37420903cb32e37d4f473b
ED_3755,0,2.31,3.84,1,9eff68ad7623695d21abc80188f3a820
ED_3755,0,2.57,2.5,1,227b23ec8959e87d2a84e38cf070076d
ED_3755,0,4.67,2.62,1,dd21aa74fa32067ef6e0869b9e18847b
ED_3755,0,2.01,1.4,1,2a1ac4b8f2f54eaf6c0fc87914bced3c
ED_3755,0,0.7,0.23,1,112b113465916500e8008fbcfe6aa7fa
ED_3755,0,13.41,13.59,1,ec2e6e499aa65d4e0ed0f3c93813b655
ED_3755,0,6.31,4.85,1,a656ce7739f67059568247471fb2851e
ED_3755,0,5.32,5.61,1,05ded016a0f1157aeb4563f48ff12709
ED_3755,0,0.88,0.55,1,a264bd692ac12b7624ba033f3eeaead9
ED_3755,0,1.34,1.25,1,1880394e05fe7fd96724782ca21f7b41
ED_3755,0,0.42,1.6,1,86cf2cc9f6b708d453ecdba7b51c1396
ED_3755,0,0.0,0.0,0,ddb8995f90b47e6245e20be998a4d257
ED_3755,0,6.05,0.52,1,77cdd7b40bb642b4bc832a443550c866
ED_3755,0,6.92,4.66,1,46ea9cdc87861826f7259ada5215b1a3
ED_3755,0,12.41,12.21,1,107ec3d210da7af93f76331681972d60
ED_3755,0,0.0,0.0,0,db968e666af4391a3691068ec2c95f34
ED_3755,0,1.7,5.28,1,4153280a24a89f375c460f2509ed1911
ED_3755,0,4.16,4.62,1,d6a822f79c6de47c18742595edd7ceda
ED_3755,0,6.27,7.59,1,b089583eea08dccbcb7df94f49b95d3d
ED_3755,0,2.7,7.79,1,11c420c3218a321a43a91c1bdd5f368e
ED_3755,0,3.73,5.37,1,3503d3b29e11fb70210dc6303a436bbe
ED_3755,0,1.73,5.67,1,148b28b3666500b7241587b61bd55f99
ED_3755,0,0.84,0.24,1,33d0ddd64191b43524b8057790010f70
ED_3755,0,4.89,5.79,1,40b5d74f3b87afb9b0dab63fec2b28dc
ED_3755,0,6.04,8.11,1,3384e4ab290d492d28a819b871d2afca
ED_3755,0,3.32,2.65,1,52c1b4027dd231f43b215bb2ea53afdb
ED_3755,0,0.86,0.07,1,bcb757dc497ca3fc9b9124498d6611bb
ED_3755,0,1.14,0.87,1,eb38ff021f87b58729131845ac776668
ED_3755,0,2.12,1.88,1,ef1082b6e732720f61e95093b331722b
ED_3755,0,0.89,2.0,1,1971f0d890c5e49825e0645d33642afa
ED_3755,0,3.92,4.43,1,0c5395bd45aabd51bbf4147508b5c2cd
ED_3755,0,10.11,5.88,1,6c0e2037bf7f6e904b33fca43d5d10f2
ED_3755,0,4.68,3.92,1,5495c45b68b82989012909214b14aecd
ED_3755,0,4.86,1.94,1,21a27dfd450a7d7910cbabf3d06481a6
ED_3755,0,8.49,7.77,1,642f0349e2aea3733ee4f58f0652d17e
ED_3755,0,0.5,3.68,1,0d1e395f72a0f5098e1d965d3c7930b3
ED_3755,0,1.8,0.79,1,ad6a9e976a5147b01e91042dada8d8fb
ED_3755,0,0.39,1.02,1,b1166eb8929d606a227763887b404cfd
ED_3755,0,1.66,2.34,1,e389074ab08398a1a9b60947f11bcc71
ED_3755,0,0.66,0.23,1,72aeb53a682bdfd381e0a2389b40fc46
ED_3755,0,4.09,4.67,1,e841bc469cf0763e323a8fe076c6989d
ED_3755,0,18.24,7.81,1,d8e123247771877b27db371c9edd01f3
ED_3755,0,16.97,15.22,1,b9b5cfcf5f80a00e0bc73364c42df3a6
ED_3755,0,10.73,6.79,1,87292712a640d03dcc1291341c02c90e
ED_3755,0,4.02,3.89,1,702d63b790f25c923e8937587361af1a
ED_3755,0,8.06,10.53,1,39581d5a35e3b3fc148ee0b1e9675453
ED_3755,0,10.76,15.71,1,be26ed59a3c1f89754a39c827799efa7
ED_3755,0,0.0,0.0,0,7abcc59b86bb6666eeca0c8a06209b7a
ED_3755,0,6.51,0.03,1,ae013061a7bdbaab00e8d6a3448d8b96
ED_3755,0,0.28,1.08,1,536d362aea2bf1c270b515151271aeab
ED_3755,0,0.43,1.22,1,60a05660e8cd1e1f247e41c90c4ea1b3
ED_3755,0,2.32,7.01,1,cd0194120f40766a5790247b926e00f5
ED_3755,0,2.57,0.32,1,c090ff4e1b10330507ef9d0347f45ecc
ED_3755,0,5.7,7.75,1,b3e7ea77ccd1fd395cd45458fb2e15b5
ED_3755,0,12.2,7.51,1,3c35282b6b9e30c479ee1d6a72acf45f
ED_3755,0,2.08,0.29,1,40e30f934a2bad619d632ce1aa985d3b
ED_3755,0,4.84,5.77,1,e28992252496165eb00c8eefc5c2d3ef
ED_3755,0,3.85,0.29,1,84d6b4627053a56656423734f8eb893f
ED_3755,0,5.43,2.33,1,58a87b96d40208bccaf74a25105c5071
ED_3755,0,0.06,1.61,1,8174a261a638dea1b788cb7ed423968f
ED_3755,0,4.78,3.95,1,35c7489a8a36caa550c9286455ed2d8a
ED_3755,0,4.56,5.38,1,9136c4cf4021cdb906de99c6d61a2447
ED_3755,0,0.0,0.0,0,11e11ca4d1e6267e5d0dcba823224dc7
ED_3755,0,4.37,1.84,1,ffbf47fd2c4d11cce4a917cf49efa4ee
ED_3755,0,0.0,2.35,1,a45d6735d43904083e2d29d59b980efa
ED_3755,0,4.79,1.08,1,e31a893176c7fb35228a634c287aaca5
ED_3755,0,0.0,0.0,0,905df974c98b8f94a2c85f8d136ada20
ED_3755,0,16.39,18.26,1,efafcfc543f6280aea2dd5e6f6378e25
ED_3755,0,5.14,4.08,1,21a6dba1e4577d4c6dc5e942b05d9afd
ED_3755,0,3.57,2.46,1,390df65570767c00d73d5cfd3aac4d5a
ED_3755,0,5.1,0.24,1,56545f1e36331414d19e67a767aef566
ED_3755,0,5.15,2.93,1,88a04c08d8121dcdb608a824ba4e4b53
ED_3755,0,5.15,4.32,1,fa9ec98a5e8b6fc027b93ab81c483bc9
ED_3755,0,2.34,0.22,1,ad645ffa65855e2d7f394c505e57d90a
ED_3755,0,2.4,3.9,1,6f62852de48f0a36a7f46fbba66ef568
ED_3755,0,5.18,8.49,1,6aec77e65228ef0cc4cd1a799859ddd7
ED_3755,0,4.89,4.74,1,b11892411632b73092f1307991e6385d
ED_3755,0,3.45,1.12,1,4fbab749e6ead9dfd8864aa2f4286edc
ED_3755,0,5.97,6.89,1,a91d2d10da9eb6cd5d9f57a35595bd70
ED_3755,0,2.25,4.28,1,489fbb5372549dc0acb4731f51b9fa5c
ED_3755,0,0.0,0.0,0,ab5b8be66e02fb8d909435a9477d33a8
ED_3755,0,3.59,0.67,1,f50cb28c90f0a174f07d721a897924e6
ED_3755,0,3.3,3.54,1,af1eac2a294fe5dce82c597a120bf0de
ED_3755,0,4.1,3.43,1,5e9403017b76bb2859ae15ac83a35c93
ED_3755,0,2.03,7.16,1,960e31650d39834ccf2aeb7be2b43a2e
ED_3755,0,2.03,1.91,1,e62bc3e8f5c1d7dfa380d77af62cd7c2
ED_3755,0,2.04,0.4,1,98596f78390471fc2d3f16057886785f
ED_3755,0,1.38,0.04,1,fd50a9d4e055d43d6ee461f71c24b3d7
ED_3755,0,2.24,3.68,1,f61f34950bc88dc171b44d2b857238f2
ED_3755,0,5.62,2.54,1,61431e7253a933fc86aea25df955524d
ED_3755,0,0.0,0.0,0,8115e431e9a34bc8516a6a5df4d29c42
ED_3755,0,6.81,0.0,1,fcaa9d05ee32b784019db669c24936e0
ED_3755,0,18.62,12.5,1,b259af8d9c283ca20334d89d8ce77695
ED_3755,0,4.95,3.57,1,0031de4d199ea0d9394014fc3afd2939
ED_3755,0,3.19,1.77,1,680a2a6ca2b10749060ccc3fffdc2cd7
ED_3755,0,7.33,1.96,1,d9ccc68f065cd92593db27d7554598d6
ED_3755,0,1.37,0.77,1,e6a6347ace8e9dd271e7d387dadd4932
ED_3755,0,6.18,2.96,1,bd665be5e0c0e1483757594fbfabfec8
ED_3755,0,0.58,1.6,1,374c22ccd2f853dbf41165d1b4e7a44d
ED_3755,0,0.17,0.41,1,a4a7cd4314d09bbffabba5f4d6b195f7
ED_3755,0,3.46,2.51,1,35a2cf1e65f8f3abe0c948f34e21468c
ED_3755,0,0.4,0.78,1,a5e6afaaec205edc020bc19138d9f06e
ED_3755,0,3.16,2.66,1,a190087fd3add7dbe44b277a58db81bb
ED_3755,0,0.77,2.51,1,7c833ad32a7bac5e80a3713a9750da74
ED_3755,0,1.62,5.27,1,7d236ae52b37a7e99948bf3cb6888a82
ED_3755,0,8.0,4.76,1,697e8ec4e8855560f57ffce647067a9b
ED_3755,0,13.1,11.99,1,e76511bd137cf7fb16e808ac2a13fbd8
ED_3755,0,6.49,5.49,1,7c334ea41de18a6f58a155d4cbb5934d
ED_3755,0,5.89,3.61,1,92490a964695b7de1021022fd71721f7
ED_3755,0,2.7,1.04,1,b1a430c5116182ea2070457a675834e3
ED_3755,0,1.37,2.56,1,7d5dc4e16222398ed52c90a388ea22d8
ED_3755,0,1.71,4.72,1,1c9f670c5a79c9ac2d7dd7866374a13d
ED_3755,0,6.63,2.02,1,8f14ee16baed2d9b24d042d4b527b52d
ED_3755,0,1.86,0.67,1,b50caa0eb6847628c6cff989d8335a21
ED_3755,0,0.0,0.0,0,81ce9fcbd0478d4b851b99c1f621a014
ED_3755,0,3.26,2.98,1,c2cdd35016433c12fae04e51bf085682
ED_3755,0,11.1,6.81,1,80f280baf098317bcf4bbadfb3c2cf1a
ED_3755,0,1.09,1.42,1,3b267eeffe784defbacb13f522526a20
ED_3755,0,5.77,3.16,1,9a5ca4ec8c59b451586a80a250d4937b
ED_3755,0,11.58,9.52,1,c106fad4f60bd5208d9dcfda60480185
ED_3755,0,5.82,4.17,1,10eca9877565ebd248c649dedb093e64
ED_3755,0,3.43,4.02,1,db31b93cdaa5c014828fa3370d349172
ED_3755,0,7.72,9.11,1,e90d6a1018a9bb90bc6a611fc825fb75
ED_3755,0,5.42,0.0,1,7b77b8b7ef9106dc4e6e9e807a890e5c
ED_3755,0,1.32,4.86,1,008afee59cbfa0097b1fa72a72df325c
ED_3755,0,2.77,0.42,1,284714b1077b5a17189184713ada4377
ED_3755,0,0.31,2.23,1,9a97750ceea103617c36ae7bdd4f1dd7
ED_3755,0,3.01,2.31,1,96f1ea2b836005655490984ef2706916
ED_3755,0,7.71,5.35,1,c01f9872b1f69f5528826d46eb32ff67
ED_3755,0,1.14,2.61,1,19a112647535f67ff3f8d5ebd842efdd
ED_3755,0,5.61,6.54,1,a8f29bd51b3d4bbeaccd1739a017f48b
ED_3755,0,1.54,1.76,1,d92e57dae032668b536489860f33baab
ED_3755,0,0.0,0.0,0,930a1a884f335956add5b974fe6f0b4b
ED_3755,0,6.24,1.41,1,95b5d7ac02762336581f606a26b879b5
ED_3755,0,4.13,7.33,1,fd487dfa64f7c5ad47936a3016ce8bd6
ED_3755,0,0.47,0.87,1,7f27b2a1bc9f73bff9a25a0dd63778f8
ED_3755,0,5.19,4.4,1,faed0fdc87426e6d56a6f78a967266f4
ED_3755,0,3.52,1.64,1,aa3267a3be38e70b237dd6ca05da0019
ED_3755,0,1.64,6.92,1,b405bec9ab69e26781f086d784e01288
ED_3755,0,18.92,17.67,1,dd6911c689963287c22bca17655422f5
ED_3755,0,3.27,2.04,1,e8c41c5655933d38576c59cf22686edc
ED_3755,0,5.43,3.78,1,28090bad13f7ec47eb3d87d7d4f407e7
ED_3755,0,2.81,0.04,1,a259c0fc7ad85d2eb100b76cb8ea8900
ED_3755,0,4.51,4.65,1,f50e964a7754f7f45ce27584e574758f
ED_3755,0,9.64,5.79,1,4243c7ce21f1ee250916a03a6d85d548
ED_3755,0,8.44,7.71,1,f31aeb31a4c64001d10401e8c59671b4
ED_3755,0,8.42,0.03,1,e0f43936f8860b4a793d2daf2722d2d6
ED_3755,0,3.96,1.55,1,f01053818321931f43b00524030f65d5
ED_3755,0,8.27,5.65,1,74531823975f50244b18c9bb31b8bba5
ED_3755,0,36.07,43.74,1,49565cd43ef0039c41db11ec3002dd17
ED_3755,0,10.2,10.16,1,c545a8167c73929e15e24d7b37f3c3c7
ED_3755,0,5.95,6.62,1,01782bb098c71589cd98d18403aa7d42
ED_3755,0,1.58,2.4,1,a202d288c2d139da44f4b68f6b61119d
ED_3755,0,6.71,8.22,1,af1a19ec7e899feb22e59d57dd1e2b18
ED_3755,0,3.35,1.17,1,72878286518118cda0eeb0d9beef1c44
ED_3755,0,27.63,25.32,1,8c6003e6297d0baf2c01d7f9a2f4dbb7
ED_3755,0,0.0,0.0,0,e54a6a85d879687143316d2ef437c3e4
ED_3755,0,1.01,1.29,1,120f0c375ee2c61a01dd63f1289e28b2
ED_3755,0,6.04,4.31,1,d6dd69c58cfd93be2a04b22622f728d9
ED_3755,0,2.65,3.65,1,0ed34bda63504c95db2c8b64d5c19bbb
ED_3755,0,1.95,0.33,1,1bfce0375659c21b3428d5a6862efde1
ED_3755,0,9.88,9.82,1,c0a71047ee456b874ed02eb43b978fd2
ED_3755,0,9.33,7.92,1,efeefe3db7ffd2032a712f39ea6b8b45
ED_3755,0,0.6,0.91,1,38a027815eb2324f5124f46fbc7d5ab1
ED_3755,0,3.03,0.25,1,c172d78fa82d4b80323f89c9a0b30aad
ED_3755,0,1.49,2.16,1,058e1a29032ba7b95c7b2755c6259015
ED_3755,0,6.18,4.96,1,57013e5f5b1984d83d78cf843b0d6992
ED_3755,0,4.69,4.53,1,7af8104bf2e01ff3e13a896c46f4709a
ED_3755,0,5.07,3.67,1,ca1f0eb3a4efc59faa06b5ca54a9b020
ED_3755,0,5.27,5.26,1,c66b2859427f21ec01b0784fc1055848
ED_3755,0,6.97,4.75,1,7aedba4687226452be399afd5d54873a
ED_3755,0,3.64,1.26,1,3a058491cf1a5bf57a06f76164d2bcd1
ED_3755,0,0.0,0.0,0,e269a0d5327ddcbc94d4d97fccb5c000
ED_3755,0,4.7,6.39,1,46f342cb486df511874ef833d77edead
ED_3755,0,0.07,3.49,1,25fb0550d0216637ca71c9ab95f44732
ED_3755,0,6.95,4.4,1,897887528e16b9375bedd061dba0439b
ED_3755,0,3.41,5.25,1,37f0b085ac95dbf869a8070ac535cc79
ED_3755,0,8.14,5.59,1,18b12101658c325acd70305736c074fd
ED_3755,0,0.86,2.09,1,9d9d1b2870a6b0d19c0a3eda5f195098
ED_3755,0,0.43,1.55,1,7b414a90c63823c84d7e4f0e83e27bee
ED_3755,0,1.55,7.0,1,c8807b33b0fb0927867de37bbdd45791
ED_3755,0,2.82,1.69,1,1d1f4332b7d3b2759bc68eeae54eaeab
ED_3755,0,5.07,1.3,1,16e056d60af345726774852c631c675f
ED_3755,0,1.16,3.55,1,08410307e68cfadd71d0addf3cb6f344
ED_3755,0,0.42,4.39,1,ffdaaeb64c55c2b64227d6dd52395b8a
ED_3755,0,0.13,0.42,1,a48fc1198c4b99476df0c936bdb0e3db
ED_3755,0,7.73,9.93,1,fb54070778ee03198072debced2c1d0c
ED_3755,0,3.02,0.14,1,d33c38e2db0cf71de5d7d71247bd4879
ED_3755,0,13.82,15.46,1,58b7fbb81e200be132f63accea49b81a
ED_3755,0,4.49,5.4,1,e93b0efd24dea74488a232c10be7c6ec
ED_3755,0,3.22,5.97,1,6ae4de49b4bd33d1deea7181849e2d4a
ED_3755,0,4.42,4.71,1,956444f230ff6b3d8fc99deb0b0936a0
ED_3755,0,3.0,2.1,1,0bd87a8b973b573c10f848083ba360f7
ED_3755,0,0.46,3.06,1,71840bb650a99ba38372f1bf2a48fd28
ED_3755,0,1.1,0.66,1,2d04a7586b350d0fd78ae4add1716963
ED_3755,0,20.19,19.47,1,1619dcf44a21f5b2a89aa371b2f08fc7
ED_3755,0,6.89,6.32,1,69aa0241ce27d3d8726872a835fa0a09
ED_3755,0,6.73,3.43,1,bcb059ce1465d23e564c93f20747024e
ED_3755,0,3.67,0.85,1,f27bef2353bcae38e8edcde1d9a28912
ED_3755,0,0.47,2.04,1,62734f6cf51cc8b14ca7d0b5e1434b26
ED_3755,0,7.68,6.0,1,d4f0f7b02e25b471873cd5fa86ccf435
ED_3755,0,6.45,4.79,1,ac0cdde81e569f2da36261e9a31fe549
ED_3755,0,2.61,1.71,1,93803e4b9c63e542b7c2e054824550fa
ED_3755,0,0.34,1.06,1,1a3f5c9efc3513bc013c68998979d587
ED_3755,0,0.0,0.0,0,6ce8d2bebfa890bc1ecbf90993e3e8aa
ED_3755,0,2.92,1.06,1,ab07f2e8c3f23ebf274c3487d89ded21
ED_3755,0,1.39,0.9,1,436f9c0e2b9d5d2dc09f9e694f8220dd
ED_3755,0,1.75,0.0,1,ba365169934729f766f62583d0d05b9d
ED_3755,0,5.91,2.77,1,555cca2e6a6a346e58d3f11244ea4ee9
ED_3755,0,0.15,3.74,1,a499426c57f86302172b5c692cdb6a7b
ED_3755,0,4.15,6.29,1,da8a2ae215480c4eba81ecb2225a5fa8
ED_3755,0,3.7,6.61,1,bff201fcd3c0ae8a4ad4986670acdb63
ED_3755,0,0.39,1.6,1,fa1e59cae54550a55e87bbd97f99348b
ED_3755,0,16.19,17.84,1,9ecf612cfbc6bc60dea0a60e3e854b3b
ED_3755,0,3.22,5.44,1,ac7f8b5ff1f3a97d36bc37297db80e35
ED_3755,0,21.26,26.41,1,cb88ef612f8d9a65af8f51a510c12924
ED_3755,0,6.88,6.3,1,83702b40890d977b942fecf46d63bc81
ED_3755,0,1.22,1.29,1,4d4edbe7d9d1dc34e0098894fa8efcd2
ED_3755,0,7.5,7.66,1,d9769178235f4c43c24a823e8b03e4e9
ED_3755,0,6.09,9.45,1,6bac5fca6bda8ce48de8584d206807aa
ED_3755,0,6.59,4.23,1,f7544467f9a27f4163c8a9d3f32593a6
ED_3755,0,0.48,0.18,1,fc9fd0039469f95f08f4631d65532105
ED_3755,0,4.98,3.53,1,848711dcf6dbac4c85894e6f391b72f2
ED_3755,0,1.61,0.52,1,d1e8d45e6eb66bc3942509014657cb2e
ED_3755,0,6.49,3.55,1,0f01117788faa71dbaf7ea285a0fb788
ED_3755,0,3.55,0.54,1,48aeb8d755c0a3035446b1e3cbb343a6
ED_3755,0,4.09,2.29,1,454eec9d324124906f1d3c00d5988262
ED_3755,0,5.34,4.14,1,a39fde12d398d03feb8afe2f150929f1
ED_3755,0,2.79,6.4,1,ab50a8e66a7c37cf4ededcf759edb5b2
ED_3755,0,8.71,5.5,1,f64b9e1fcd5aa6a987e19010586ef505
ED_3755,0,8.2,5.73,1,bfa3a6fa7091e595abdaca6098d43c73
ED_3755,0,0.0,0.0,0,110ca798c3b03fc7e396ca1345725176
ED_3755,0,1.37,2.96,1,8771677276fda9d1817b896e9183cea5
ED_3755,0,6.01,5.02,1,4de7fe85d841f8c5b430baf2d01bf63d
ED_3755,0,5.36,3.66,1,d3e0d5013e9a2483fd164c5411467380
ED_3755,0,5.58,4.58,1,c050a7bb0062aef00cab3432bfab4007
ED_3755,0,4.53,3.99,1,8c4d41de155f4f6bd1fd6e75663a3f89
ED_3755,0,6.2,6.36,1,e3cca0025360f9b557686ba7df9a020f
ED_3755,0,1.75,0.43,1,dd63ce34af8f283200e5effce6d03037
ED_3755,0,0.0,0.0,0,b32d01ac5d91fea105aeb9bbfa22ff48
ED_3755,0,0.94,0.65,1,4232facd57d82a86513501141b08029e
ED_3755,0,5.02,1.09,1,4d36db4c95dad2f9e77094fb97b19541
ED_3755,0,8.27,1.89,1,b697d9738f48ae3f9d589cc601b8dba9
ED_3755,0,7.45,4.24,1,1b9396fbf66029839858efb70237c711
ED_3755,0,0.27,0.98,1,cd1d39ecfe4bcd69e939b56e108acac0
ED_3755,0,0.64,1.77,1,cd49c9a493c037c256254e5e47c341ea
ED_3755,0,4.24,3.16,1,a188b5cce7ecddf5108867d2ae2f7063
ED_3755,0,17.6,20.76,1,ca7fec4dba71c4f924e217a69e687b49
ED_3755,0,1.93,0.5,1,36897916fd82f85c5da36dc0990a4839
ED_3755,0,6.44,3.17,1,4657249c94ca1819f93af9887ee556b9
ED_3755,0,2.52,5.24,1,08264e31197b5f37d4f51467e51ed372
ED_3755,0,0.51,1.35,1,2e238c7da558eb077c7d60b7154698a6
ED_3755,0,2.56,0.16,1,01617b1203e4459e58cb67c47bfb8c47
ED_3755,0,2.25,1.41,1,3cc580620b821649a9eced2204b9fed7
ED_3755,0,2.96,0.12,1,d36cca5b1ac65ba9248a2cf67281dda5
ED_3755,0,3.22,9.66,1,5d170522003467275310520a1c6e8deb
ED_3755,0,2.56,0.87,1,e5d7f031efa9a150b9283460cc6ea536
ED_3755,0,2.11,4.52,1,0a88fa7893f47b3a482ff04299997fb7
ED_3755,0,5.4,0.29,1,bee59ad56fe40b68b24a7254d038f717
ED_3755,0,4.32,3.43,1,de8b7c7521d1a8522556cdbccad75a6b
ED_3755,0,5.78,2.86,1,196290e5bf4cbe0138be5184915fab36
ED_3755,0,7.06,4.28,1,79f45b66ad6019aa70fc6e330d0a70f0
ED_3755,0,5.43,3.0,1,9d43516f6a05945f56700a20693e1f0f
ED_3755,0,0.0,0.0,0,527cf345d136063397dafc8597053786
ED_3755,0,1.0,3.83,1,a6ae3f145d1b78395a4e7efd187dd3a5
ED_3755,0,5.8,4.11,1,1fdcef95a8d9b172d04663d60eaef914
ED_3755,0,0.0,0.0,0,d6ce4ef40c70b3fd3ea70d9065161ed5
ED_3755,0,3.4,2.15,1,336e8d547a8909ed3e4222ffd6b3827b
ED_3755,0,6.43,4.85,1,1e27a3fcbc4c5b3fbab88ddb1f0496af
ED_3755,0,19.22,25.62,1,32e715150755f8531ed92a77367526bc
ED_3755,0,6.36,1.6,1,116cfe94c3a6af05a1c8b67740b9c3dd
ED_3755,0,4.7,2.54,1,735da46920cdbbb7a1c80c885a48c34b
ED_3755,0,0.0,0.0,0,e965fc0626c752f80b4363bbca8ba290
ED_3755,0,6.78,5.11,1,86819d937f698d8628a676e7cb3bd4d1
ED_3755,0,2.8,1.68,1,f75a5a6e481c21c0b825203f4f702f7c
ED_3755,0,4.25,3.71,1,f313cbfd29cf76db2319d0467a5c8a26
ED_3755,0,6.34,4.39,1,dfd6576971158b772f6387d42003f41f
ED_3755,0,4.8,3.59,1,638b712557a50bf1cc6b16c1ee2112ba
ED_3755,0,8.73,9.68,1,6ec749a473daa8ac3dd2435d8f26a851
ED_3755,0,3.29,8.61,1,887514205ab82eb95e500149d8f5276e
ED_3755,0,4.51,3.9,1,a365f236a72d881a34fe4ca044a3f8d9
ED_3755,0,6.44,4.49,1,34d4a7517000fb1496589e2227419834
ED_3755,0,8.38,0.0,1,aec007e83b32211b4ac6471c412884de
ED_3755,0,3.64,1.33,1,52f14a86caba0351004770cd06799a9a
ED_3755,0,4.76,0.96,1,6d813b2237591ca60d5526759ab086ac
ED_3755,0,8.7,3.05,1,1e871e59c661a64040553fcb85617e17
ED_3755,0,5.69,6.53,1,5d8b7c979dd9cae7be027cd88f5fb8e0
ED_3755,0,0.0,0.0,0,e068e23e83e8faba1e0759fd1cece7b6
ED_3755,0,1.01,2.44,1,dfcc3e7636511c5f4856485dbc3e7e34
ED_3755,0,7.17,7.37,1,bc5180c995faf94f25a20ca7bd8c62a4
ED_3755,0,9.08,7.47,1,673aaa1fa64a8c81937bd367e01e096f
ED_3755,0,1.83,3.08,1,0872946e26d90fe0ccfc721adb18af85
ED_3755,0,4.14,1.86,1,8d0969e9f0d22ffa79defcf59790059f
ED_3755,0,0.2,3.44,1,1976ea9752d366f3313dc34763309ecd
ED_3755,0,0.69,0.0,1,86146221c7be8f82d33c18674062213c
ED_3755,0,7.6,8.61,1,f934be6c4d111d1d997f99741050b4c9
ED_3755,0,6.42,2.92,1,682de5c0d50ecf765fd272014868145f
ED_3755,0,6.38,3.77,1,bc97319470a296b0ce741362727bcb59
ED_3755,0,0.0,0.0,0,c4cb8daa892942c0dcce05ac5ac4efbb
ED_3755,0,6.68,2.93,1,28bc4a6a23d25aa9a20c8d4bf6e245c0
ED_3755,0,5.45,0.0,1,6eb0b5018068081d1afd599796637cc8
ED_3755,0,6.22,5.39,1,81e8d7f7a00673c8ae56bda287803960
ED_3755,0,1.24,1.21,1,84ac6a0c536f81ccd4a4b2c7dc9b0b8d
ED_3755,0,5.11,4.94,1,10b3f004f5c42d1a6b258d614aa4c533
ED_3755,0,5.47,2.74,1,6c793b5d1e357d18b43303e3a12b9ce5
ED_3755,0,11.52,16.68,1,56e8dce0e5db325c925995b226612156
ED_3755,0,0.02,0.36,1,63f732b9f2b551f0c7f6c9445a4bb7a1
ED_3755,0,4.78,2.08,1,d6fdc77cb1ad0715cd04c1ad071d6357
ED_3755,0,1.43,6.29,1,22d3c30b4c13fe41b505351967dd3e3e
ED_3755,0,2.27,0.52,1,9645c192a2ed06bc82b55246b7ce0300
ED_3755,0,7.26,6.76,1,851de0545bd40ab6c1f5f2a96bb6000a
ED_3755,0,1.97,4.48,1,b6da218026664dfb197263484d18f86f
ED_3755,0,0.96,5.31,1,b61f23e651c34360aa21220aece90f97
ED_3755,0,1.12,3.91,1,aaca8cff80cac86a69888b9316f13023
ED_3755,0,0.0,0.0,0,d3c86bbae2ed04454079cd927479f2d3
ED_3755,0,3.13,3.62,1,289380299383993ab59eaa53ed50d606
ED_3755,0,0.11,1.85,1,bda6f6388c83a5ee1032ed3dfdbc8abf
ED_3755,0,0.57,6.45,1,b5b48b408971eafb444cb85e98a5fc34
ED_3755,0,3.33,3.61,1,5bee4841f6b1fd4c6b6719d80fc6de8a
ED_3755,0,5.28,4.93,1,edd9698c22b961eaa60485059f7490f7
ED_3755,0,13.68,9.03,1,6ebf27a304b953c0a31d30d455a972da
ED_3755,0,2.69,0.24,1,5c3232065bf597983b1f7483eb653f34
ED_3755,0,1.65,4.86,1,0141bb4777f89366005d3f740edc55c9
ED_3755,0,1.39,0.57,1,88ccc42efb17677654eae6211048ad00
ED_3755,0,4.64,4.19,1,139e1e103d854f62bfe85c0c1c8f51d2
ED_3755,0,5.4,6.13,1,1dc6e63a1ec9120f14d6f57741209b58
ED_3755,0,0.26,3.47,1,2f91d09c60863b5e1768b67d7fc11bf2
ED_3755,0,0.96,6.78,1,fc91ea30c0e18d3a20296e2814b9e889
ED_3755,0,5.45,3.74,1,75784eef391b1dc4f293194073e28fb6
ED_3755,0,0.0,0.0,0,65b28fb5439fa19dd6f86041599652e4
ED_3755,0,5.59,4.08,1,aa4ed3afc0dddae73e045ada42be1290
ED_3755,0,8.76,3.51,1,2baa19681d88936f75108cce3723ef60
ED_3755,0,1.58,0.44,1,41f42367b98146d1df88bc9593a1e998
ED_3755,0,3.5,5.93,1,45bd5a43233d23a53f496214ee46b8c8
ED_3755,0,0.0,0.0,0,97a1997ae86d1c09300d383ba6087251
ED_3755,0,6.16,3.61,1,5d07dccced5b6de83ee2bfeaafec4707
ED_3755,0,2.32,2.56,1,be1740a83019430ccb7a5e47ddc4517f
ED_3755,0,7.95,4.95,1,bf7905a68074c53dad4aaeb7a59c6c6c
ED_3755,0,4.66,5.5,1,96896f8bdbd7fe0fc3f07d6ad089e59d
ED_3755,0,2.99,0.23,1,a61574336dc49a4eea6c2b030dc94547
ED_3755,0,0.67,3.59,1,a282ed318ff8d7d93bf33bd33cb80a74
ED_3755,0,0.84,5.51,1,36433949bc84304f391b48448f517cd4
ED_3755,0,30.63,28.53,1,d7f50264e224ecc996d08c536827142b
ED_3755,0,4.21,4.17,1,7874112f6e16c3460e332dede5b420dc
ED_3755,0,1.35,0.21,1,c1a8ded684fca392f463cfa22cd77898
ED_3755,0,0.0,0.0,0,54b12a538b393e7a53337a95bd810279
ED_3755,0,0.0,0.0,0,5bc225ff3114b8da1713c06b9f7359f2
ED_3755,0,1.45,3.82,1,8cd093f1023f7f0ab0548658081aa920
ED_3755,0,3.43,1.95,1,acb3d1d778667c546bc7bff04f5072d2
ED_3755,0,4.91,4.94,1,8cf857a90aac52b5b4281cbd4ae18d13
ED_3755,0,17.65,20.96,1,2c60b1dc8ed24bb3e0da28fe42b11e1d
ED_3755,0,3.5,4.81,1,eda4ecb22259e730415c2e5deb032491
ED_3755,0,4.03,1.39,1,b5f108289cd934b82c47bd4e589333af
ED_3755,0,5.73,4.2,1,e1f44705cbe09901c7eccdf5586cf9af
ED_3755,0,4.39,0.14,1,7b6a033ea36832971c6e12bee2e352d9
ED_3755,0,1.2,1.45,1,eae7f66fe95ddfe26a446553f05217f5
ED_3755,0,4.22,4.43,1,a4a0065160ae7e872f3a224152c08907
ED_3755,0,23.19,20.27,1,d58d2fcc423e068bdcae5aa1145fe558
ED_3755,0,5.22,5.7,1,ab4449e26e73b23e6700799e212e9574
ED_3755,0,3.36,0.45,1,475d0f546fcc3fba20ab692af1a81688
ED_3755,0,1.33,2.05,1,7a70517d0148a24843d419f67be3decd
ED_3755,0,19.33,16.61,1,1641b1cdd71d74b45da425989e857679
ED_3755,0,7.88,6.38,1,35be76746be8c6889fb04a40a289b866
ED_3755,0,0.52,0.29,1,289a05508d557de7bbafdecd45d6d8f5
ED_3755,0,6.65,2.71,1,60a371b21cf472aec1d58f3425ea9155
ED_3755,0,0.49,2.15,1,921e958d5ec6230ca3659554e2511c28
ED_3755,0,6.99,6.51,1,e70a5b9c32d35e71d58af42e401a98dd
ED_3755,0,12.16,3.8,1,8a0a2cc60952b48aa2cc545d2aa95977
ED_3755,0,0.0,0.0,0,bcaf3cf5a8966943cc24ce7d5ba45d5e
ED_3755,0,3.17,4.74,1,27a1f40f95305b0d747e6330494dfb26
ED_3755,0,0.0,0.0,0,0421a363bc72fe0228f9b892994cede5
ED_3755,0,2.5,0.55,1,371cc6575d7361c332910fe726daff79
ED_3755,0,0.95,0.03,1,b2ba8ac9b0d30e2f29c8b6b62fa88697
ED_3755,0,4.76,10.51,1,2562264889e8878947ed2aef1fa8f4a8
ED_3755,0,3.32,4.72,1,c4bfadf8cf5f9535995e987aaf4f04eb
ED_3755,0,3.04,0.25,1,65528af289b030f0479aaa95ec1625cc
ED_3755,0,0.65,2.58,1,a6c27a2669a62189ef676c38378c3cd5
ED_3755,0,21.34,19.95,1,52f7b96fc03af4f7a5a9f827d50021fb
ED_3755,0,1.19,1.73,1,746b2f93015751822d6c2716a22422ff
ED_3755,0,3.49,1.99,1,5ba249149a61b475c659ac0770377ac8
ED_3755,0,6.95,5.06,1,dbfd02399543eadfb0255aafa9e72cb1
ED_3755,0,0.74,2.92,1,518365ab016e91e8887018eb6d1300ea
ED_3755,0,0.0,0.0,0,3ae5b7261fcb7abc72fc7b4569f684e8
ED_3755,0,2.9,5.08,1,d31807976db353b3579056719e9a5901
ED_3755,0,6.62,5.54,1,f7d1b0372ec158224d5a91c50bf3ed4d
ED_3755,0,14.65,11.59,1,1bdc8f681c381f17be692f24ac40feee
ED_3755,0,1.02,4.76,1,d168d95a6592763bb1c993c604513003
ED_3755,0,0.45,1.31,1,8e8c4549f409eb670232c71c0ff453ad
ED_3755,0,0.0,0.0,0,5bde9a32cf9177de0bdea437e24a0900
ED_3755,0,7.47,11.87,1,e451e12bf90fdedf6744712379c84c69
ED_3755,0,7.07,2.3,1,62be485e5cfe1260662996319d9763b6
ED_3755,0,0.59,0.0,1,3103a40e6bee0001cfd367ffa38d9639
ED_3755,0,4.97,2.4,1,b34f1f9a4f3a1655bffe53bb33e2a6a3
ED_3755,0,4.9,2.67,1,8b05fd6a08d46c9d4e71e385e128ce5c
ED_3755,0,2.97,3.7,1,f3c93dee93bf3d9c460670c171984961
ED_3755,0,1.68,7.9,1,e81f03c9cc29e545c354228aca34f444
ED_3755,0,0.0,0.0,0,a04e2448e4711858be7e07c8812d8d81
ED_3755,0,9.38,13.23,1,b45b1678196e967e6e1bc9ea607a2305
ED_3755,0,0.0,0.0,0,139e195183859cbc37fe117f7ac9736c
ED_3755,0,8.38,9.78,1,662fb9ee53aa53adbe521a06ea58c05c
ED_3755,0,3.07,2.64,1,7b555307f7f0332a35421664d3519faf
ED_3755,0,5.79,4.5,1,70b11d1cee120324d9d7d73da79a46fd
ED_3755,0,5.3,4.57,1,fc6f5c4d1418ed92dff5c3cfa4da5dbf
ED_3755,0,3.02,10.54,1,f97678c329e180843ff680cc67e7d0fc
ED_3755,0,0.53,5.33,1,b91cc38cdabd093890f0d8f15a223de1
ED_3755,0,26.04,8.15,1,0e2e7277496c2b8ead908b468c335b49
ED_3755,0,4.98,2.78,1,ab52b085cd50e8c88b780ba34dc5659a
ED_3755,0,4.18,8.35,1,1ba67cad0c3e12c75ded00a7ed315a4b
ED_3755,0,4.63,2.68,1,3a3c3deba5bbb0a9821f59814eb770d8
ED_3755,0,7.84,7.73,1,016426ad39d40a1365946cc2df5a835f
ED_3755,0,0.0,0.0,0,3df3aa539fc983af00d33834e9362906
ED_3755,0,33.89,35.57,1,2250d90855a81882860a23e773f9d3c0
ED_3755,0,2.86,5.3,1,d0c4912b35c5f88dcb23b28d38109223
ED_3755,0,7.13,4.51,1,7e9c43884227b6ddf88db940616b2553
ED_3755,0,0.49,0.01,1,5c1a03cf415ff6dcbe240b7dba85ee9f
ED_3755,0,2.05,3.62,1,d0166465683a9243e8ad3e1663322f8c
ED_3755,0,3.34,0.46,1,50f23dc463779ed827c1ac0c667b15d0
ED_3755,0,3.67,3.25,1,0b7a6ff4a486fdc54f0c9fcdd3a6286c
ED_3755,0,12.31,19.01,1,47a23b048453537cf36fd7bed9447c3b
ED_3755,0,3.94,2.28,1,90312061e8055773481479d1eaf8cedd
ED_3755,0,0.93,0.12,1,4c75c0edf639a9c56d17f91f8fc87d52
ED_3755,0,6.52,5.64,1,b628973cbcae6f478b37b348ab8b8baf
ED_3755,0,1.74,4.28,1,548941cec379462e759d3596d3e4262a
ED_3755,0,2.1,3.24,1,58fb61831fb6da6e6562663f8ee88ad2
ED_3755,0,0.54,0.42,1,deab0b17b1770437d8720921f0e1c2f3
ED_3755,0,3.06,5.64,1,c23045edca0e132758bae96af13aae47
ED_3755,0,2.06,1.35,1,4a418fa0bb23875a83128146ced48131
ED_3755,0,2.3,1.67,1,f54ea174147d7e181a85da572a5c1d7b
ED_3755,0,0.82,1.66,1,f8453e2c8d47695971833a8719911051
ED_3755,0,5.75,5.62,1,3ccfb567cd7aa9918a81fa3f51aa699e
ED_3755,0,3.11,2.64,1,438687392be07821dd153223e503e5fa
ED_3755,0,5.11,0.87,1,a7523b706342e9f54d8f60754e09a1ab
ED_3755,0,0.73,1.94,1,03b663c5ccb2223eaef42e04e716ecaf
ED_3755,0,14.1,0.23,1,92fcc9072ff2e9a2b918c42cbdc9c30b
ED_3755,0,2.72,5.96,1,bd87426409d8d7154965c402404e4605
ED_3755,0,4.66,1.1,1,10da06987d96fe42114aa8d3266364fc
ED_3755,0,2.76,3.48,1,21d0a8e92424e55a2d465fba4b5d8ffa
ED_3755,0,6.12,6.09,1,68affa7d887cdc41b7f889396831661e
ED_3755,0,8.35,13.82,1,f46a00b6702cc258794ced5c45c231a1
ED_3755,0,1.47,1.98,1,4f05d7230611e37714e45cab10d64e3d
ED_3755,0,9.23,4.53,1,9588c3831e42e6a7998d8905a73edccc
ED_3755,0,8.02,7.37,1,523ef99d833c7083b0cb644143ede449
ED_3755,0,2.23,2.88,1,e14481cb0e9983b74ba927b7d0471562
ED_3755,0,4.45,6.25,1,99e79fd722dd84df652f8e029ddef1d8
ED_3755,0,15.75,8.94,1,487e6b95ea5c90d5ff7df1b823120c8d
ED_3755,0,0.76,4.35,1,d3a9ef722ebfdad7a0ee24d1c3a65be2
ED_3755,0,5.32,4.83,1,4631dc7ab1ee05eca00bf945f4d89d30
ED_3755,0,8.07,5.57,1,915a1e27e66fc02f0e5c35178a24d480
ED_3755,0,4.57,1.63,1,b7404e8a62ba57a8c91ba25486d2d610
ED_3755,0,1.19,1.58,1,2290a4d8de1295314a277f0054d0681a
ED_3755,0,0.0,0.0,0,2e7a6744c0f7bc3a06afa7fa6d73584f
ED_3755,0,6.61,6.11,1,62aba7e7fecbdf41f04e506b3a18ffa9
ED_3755,0,10.54,10.42,1,239d666ddef1a607c75ec01fe203ac42
ED_3755,0,1.29,5.72,1,682b847076ad03672456cb9abf174374
ED_3755,0,26.8,21.96,1,8ca9f992e895395ae93a94e650b891e3
ED_3755,0,3.6,9.08,1,529f8cafe25f0cd6155362833c82bec7
ED_3755,0,1.61,5.07,1,5daecd931b90c3e2604c1dff19faad30
ED_3755,0,0.8,3.38,1,aa8a9538eeb943d83b65aa50af7f7740
ED_3755,0,11.97,15.08,1,1566b716a22652ead2a9486d3ff9b6d5
ED_3755,0,3.77,2.73,1,f101d851d471570e0b6389930795198a
ED_3755,0,22.24,14.11,1,03f3624b8475a114e1281300acbf8313
ED_3755,0,2.7,1.84,1,fee615ca812f5daaa6b0caaefc7575d2
ED_3755,0,5.25,4.24,1,ab2567cb883f7d9614bd52c17ac39987
ED_3755,0,2.12,0.65,1,53f69e9513c5b0464d0402d01dc9332b
ED_3755,0,0.14,4.96,1,b8a3ef4784238f8e7ace0e37a0280492
ED_3755,0,1.56,5.42,1,686fd9b57dbce008ff21a56621a292ac
ED_3755,0,12.59,15.66,1,73cfa03f96febd5c9d08151076d5ce02
ED_3755,0,0.0,0.0,0,4f17d9bf77a1d81a4cef20d5e18bef48
ED_3755,0,5.31,4.9,1,2fafcf1d393a3e533dfbb3a46c0e2d3b
ED_3755,0,2.46,2.31,1,fbb58825efe20493846d04f3b9dc0ef3
ED_3755,0,0.32,2.58,1,79d525681b512986b3de0960b6706031
ED_3755,0,1.36,0.89,1,05d25852953f6bf990b68ba50a936841
ED_3755,0,5.34,4.05,1,87abd78266975b9ef996e06228f39439
ED_3755,0,0.0,0.0,0,8e4abe22b62cd0284f87397817094c40
ED_3755,0,3.14,0.53,1,d87219f14f06d1101e6548b03c3d6740
ED_3755,0,4.98,3.66,1,e7e5f0c3b62c04f97f7ad1b8c39208c1
ED_3755,0,5.96,4.64,1,27b189656213f4c6a40225715e170cc0
ED_3755,0,5.96,2.49,1,c1123961d4622354771883124845d7d4
ED_3755,0,15.34,14.29,1,bc0a39592d9900ca1762e1c5c604e6e0
ED_3755,0,0.84,2.28,1,d77fc9aced9cb2445b4fcd8327281648
ED_3755,0,0.46,0.6,1,92631a41b667b02c0f4cc00ed0cb3022
ED_3755,1,0.75,4.5,1,c35776734441b749137aea480189831a
ED_3755,1,0.11,5.03,1,c39f684b1a8097ce9cc0e9d65c81fc60
ED_3755,1,5.43,5.66,1,cb3f46fa9c370d2e8de66f3f72b48d20
ED_3755,1,10.82,8.53,1,00523d0529d3e528435dd4d45cefd10a
ED_3755,1,1.51,1.86,1,d7676c81cda24feddb9a12a2a2f0cd41
ED_3755,1,2.87,3.14,1,2319337a5c7c9a43537a4847ee497cc9
ED_3755,1,6.82,12.5,1,5cf2654e7dc005966e82952bfaf92ca4
ED_3755,1,0.34,1.64,1,4d2679ed9b8686ea28a2a4b2df8e6323
ED_3755,1,1.27,1.51,1,c88a7a4c758ccdf0532c4d820dfbcb06
ED_3755,1,1.9,3.39,1,21cb715452bf1675dfc1c4fb99d2fc3f
ED_3755,1,1.59,2.37,1,6f5e569a66dce32293eb125867011331
ED_3755,1,5.87,4.28,1,5d6f7f4e10e3edae2ee8d2bb809bd336
ED_3755,1,4.55,3.7,1,c731374b8881105727037842235ccea6
ED_3755,1,7.14,11.58,1,cacb0a304ad562ab4fc6e9a8594e0299
ED_3755,1,3.01,9.47,1,a5fa26247a06d1942a1005b4c1920b6b
ED_3755,1,6.18,6.34,1,50cac2da69bb90c74c9f372c1b38fafe
ED_3755,1,1.74,0.99,1,a5610e1469ac900933956733308a5b62
ED_3755,1,4.19,0.92,1,c6ed1f5984acdb4e9b758a1740188166
ED_3755,1,4.83,8.82,1,78233876ba95d276f0a32c922e25b26d
ED_3755,1,0.0,0.0,0,8c82b91d11f5cf5c2339ff475d7fb658
ED_3755,1,2.09,2.52,1,c15aa712297614bb86d0d48ea6c7149a
ED_3755,1,6.6,15.1,1,ec1002fcc89b442444f9a9a281a793b3
ED_3755,1,2.57,1.49,1,08bfdca9c4e7252ea21e67bda14bd680
ED_3755,1,1.01,2.03,1,868319dcf0beae722ef5152f590bb4bf
ED_3755,1,5.6,3.79,1,13e12fd04a24f171ce0a72d0bd929215
ED_3755,1,9.13,2.85,1,09d49dc7cee3fcaa8c6f3ecfcf65ab2f
ED_3755,1,1.57,5.7,1,bbba7020e014f907b9566df4c2ca8d29
ED_3755,1,0.0,0.0,0,118c5cf15e94559e3984c2a74a946b63
ED_3755,1,6.13,4.54,1,99a3179491fa027cda8fd8ed13b5dabc
ED_3755,1,4.36,4.3,1,484ab0e2c90142c27b43eb12930005b1
ED_3755,1,1.02,0.3,1,4c3ec2b7c53ae58c6ecac6789bdaf500
ED_3755,1,5.91,4.2,1,500fae9ec75802dfcd74b98742327516
ED_3755,1,4.49,2.2,1,745e29fda80876150e8bce6ec7fbe40a
ED_3755,1,2.66,2.76,1,488017f1c5038b3ccb60bbc890b5fee5
ED_3755,1,13.88,18.88,1,0636397f9ef1f547e9a18ce718100661
ED_3755,1,3.32,1.09,1,c5a84c51d9b02abfcfa264a4505373d7
ED_3755,1,1.7,2.7,1,63f6183974a7d8fbe3edd34ea740e88e
ED_3755,1,3.0,2.87,1,b862629431b49a73af83d70e62642161
ED_3755,1,1.28,4.14,1,dc4735eaf55e3251b81cf3b9ad051a2c
ED_3755,1,1.6,1.06,1,bd51b2f3d5367f466a1f24da8a66008d
ED_3755,1,4.17,0.27,1,64ebf1ce90e316d0e3326250d21a6e2c
ED_3755,1,7.81,9.42,1,ff3e92b1217056eae5b05ae4654855d4
ED_3755,1,2.34,1.41,1,d9e187eaed0835d427f36c0d5839badc
ED_3755,1,0.0,0.0,0,1afa972402395dfaefe469d8d4123eeb
ED_3755,1,7.79,0.96,1,440484e84c5a9cbba919b55d5c874039
ED_3755,1,2.84,3.63,1,09d504e316cc37008a9af29da17b864a
ED_3755,1,0.32,1.31,1,77522e7877219aeca7058e13bf45249c
ED_3755,1,1.16,3.31,1,517fd2cc046e44c070c9a376c0b7e282
ED_3755,1,0.0,0.0,0,13a7eefa5ba9267f542ed902df58cbed
ED_3755,1,20.88,22.33,1,b4a304758107241eaf5bc5c91d19a2ce
ED_3755,1,0.89,4.05,1,14bf74617dc3d709a08f0f71829c4a76
ED_3755,1,1.45,7.81,1,460b496b5490705afbac4ec4b23f211b
ED_3755,1,5.85,4.85,1,855557c0f00a2139ff89276e7c66f5c1
ED_3755,1,1.57,1.2,1,e67eed05afa0217123de0017f2b97554
ED_3755,1,0.6,0.88,1,ebd81a879ec40252d84f844f40264862
ED_3755,1,4.46,4.17,1,36830f73a5e53474d5abe7c2eb331702
ED_3755,1,2.12,2.24,1,a77f56862eed63a64b9fc73ae79c43b6
ED_3755,1,5.78,3.41,1,19f328d61c51d06ceea985941e7c4f09
ED_3755,1,19.66,26.06,1,d876773e4dfa8ede7ab4645e9f1315c0
ED_3755,1,0.0,0.0,0,f99cd25af53ec086654ca94ea81ec8e1
ED_3755,1,5.65,6.63,1,316ebaa60c78c47ecd79d091cc4f9379
ED_3755,1,4.33,3.19,1,15854314ee1d623d5b55aa16769cb887
ED_3755,1,2.07,3.51,1,dfdc1bba150f7698b8d6822945e5baed
ED_3755,1,0.0,0.0,0,b8902b557bee9d53a9d97115b6e10030
ED_3755,1,4.49,0.67,1,1eb5ab709f478b1d33d741f1b5faaf84
ED_3755,1,4.57,2.04,1,5220fbecf5123c6928b6df8f7740594d
ED_3755,1,5.81,3.57,1,6fe6bc6a624beed5342b4a2580fc9c4d
ED_3755,1,5.14,5.25,1,9e4a602fa9eedbc0bfc1ef62576d2fea
ED_3755,1,0.54,0.68,1,2ad765c7425c456d73d1135b63ebbd2e
ED_3755,1,0.05,2.03,1,e0fc94d9552e67cbd7d2de42253f1655
ED_3755,1,0.0,0.0,0,4a1d5209878ff1cac4bacedcafb0a8f3
ED_3755,1,5.51,7.17,1,f7cf35d1b01d15dbce161af4b697dcfa
ED_3755,1,5.5,5.38,1,dc7341cf4c13019b7a7d4473439483bf
ED_3755,1,5.44,8.98,1,e9ba8af770165d92dcd9abe02696d6e1
ED_3755,1,0.53,2.21,1,3e66a4d1bec908058993cb2484f91f86
ED_3755,1,8.52,8.04,1,f4d617d1947b0a44540f2dcec5e0f69f
ED_3755,1,1.91,0.13,1,790f5fecf88b7dc4b9bfd6a2b0dc4136
ED_3755,1,0.0,0.0,0,26d3dee393b217101cefb151171bbf48
ED_3755,1,4.34,8.51,1,50af9904a3545550ceef8d9ecddd6aa0
ED_3755,1,4.6,3.93,1,8df971c3db48e92fc799dc86dbde7ed4
ED_3755,1,5.48,11.82,1,a43e885d13cdbfe8072d3d97405ae19a
ED_3755,1,20.83,18.46,1,126a04a7a23eb9c3a9083d58172a7fe8
ED_3755,1,0.85,1.23,1,45862adc8b2b4bcbbf19bd615abee913
ED_3755,1,4.35,3.59,1,678db078e1b9a4f27fea6b76769462e3
ED_3755,1,0.93,5.46,1,56dc8dc7250f0a613e1c7edcc7c2160e
ED_3755,1,4.77,3.49,1,70fff16eb26b2053e7fa982c79322c13
ED_3755,1,5.8,0.0,1,84b7dda216d16a17288b101357fbb6f6
ED_3755,1,3.77,4.7,1,4d9ce3b9580888e0474fd9a0619698a2
ED_3755,1,1.49,3.06,1,112bb93aa297a830aee98ae8ceae6bfd
ED_3755,1,2.86,1.82,1,57cd87d99aa960b3b598a3a1191a2080
ED_3755,1,6.17,3.24,1,62e711fae6200e0c82a4e78722360a77
ED_3755,1,5.95,9.13,1,422d763e5229b91c207c2794bb90a965
ED_3755,1,0.0,0.0,0,d5b1ec7b6586e3072551c1d257e09190
ED_3755,1,4.47,4.32,1,00d645f074059d8fa7737acbe77c2d0c
ED_3755,1,0.0,0.0,0,1abd5cb0e8591f3bccd281b024f36d9d
ED_3755,1,4.27,3.27,1,caf941d512585a6d59b3ca118448c7a7
ED_3755,1,0.04,0.83,1,2257ebd9b9f9a298fd4ac43433616233
ED_3755,1,0.27,1.4,1,83b7e5a514046ef2cdd390ea2282f887
ED_3755,1,39.98,28.81,1,317e05d572c5c6b0b883272f2ce5937c
ED_3755,1,1.44,5.19,1,f1f7929c9fef1749bc9c3fb1e4087167
ED_3755,1,7.72,8.65,1,d5e505230463263eece32630787dd3f6
ED_3755,1,14.17,19.15,1,9b45a920e6e6969efdef8499b93160b7
ED_3755,1,3.98,4.17,1,4d6e7c57ad602578449334a3a9fca005
ED_3755,1,13.31,23.13,1,fe438ae44c657bc2f7e7311d59f090c8
ED_3755,1,4.88,7.74,1,77eddbf0b161bfb0adf1f6b26ef50cd3
ED_3755,1,0.63,0.1,1,4d5ab52cb88ec4284609ff9cdb630da8
ED_3755,1,2.55,9.28,1,b7fa370ef10c8cd66341c823be3e5c29
ED_3755,1,0.0,0.0,0,565fce73ce35fbc3b095436e4ae4a3dd
ED_3755,1,4.8,5.55,1,5f2c7fb643162afa48c0236ad52aa0e0
ED_3755,1,0.5,0.76,1,9ccfd30424ca32d1e31c89292ae3bff7
ED_3755,1,1.16,7.04,1,75dce6e76c850f36383125a334aab72f
ED_3755,1,3.65,2.42,1,ba2b81b91bcdd71ba3e8083f8afb89c4
ED_3755,1,0.0,0.0,0,4a368a814cfd294b42954f230ff231ba
ED_3755,1,3.94,4.13,1,dfe4eb52a4a9287b08aab605eae0d5d3
ED_3755,1,0.66,1.72,1,bafed3ba316198bb47d9f3a939982b5c
ED_3755,1,1.82,0.08,1,ae75acb0992914f67836ece67403a756
ED_3755,1,0.77,1.96,1,2527a22688a23e735be561a3da7c7b2b
ED_3755,1,4.6,5.0,1,e0547f3292281f8372ef0a565fadbc3a
ED_3755,1,0.67,0.71,1,642ed350e25840b165562eb576ad63a1
ED_3755,1,2.88,1.16,1,2a9f5d7daa0974f765287718aae10c18
ED_3755,1,4.53,3.51,1,30a47b87967b6a944e8ef821dbc4ffef
ED_3755,1,1.32,0.31,1,17b158ffec9c859f708a944261b940a8
ED_3755,1,5.78,2.8,1,15cc3b826af0b774d82a1b7df0676acc
ED_3755,1,3.41,2.18,1,79dfb553611767a1db99e1dc8f9abac9
ED_3755,1,4.96,8.04,1,2774f0af04e5f6554b902820d11e3302
ED_3755,1,0.0,0.0,0,8799bbac09f3fd2d6c7c2d6a5e6508d2
ED_3755,1,3.7,0.85,1,3012e6429935ffa0fa3bb3bc030542ee
ED_3755,1,4.09,3.22,1,eb8e645b20efd37508eecd40a3990a39
ED_3755,1,4.05,3.5,1,dea7d2bac2e9250039736bb3030fdb83
ED_3755,1,4.58,4.91,1,226d6c3fba97c7a2baecce5823c6c3ab
ED_3755,1,9.09,19.23,1,e3f69c11b43b0e2e8596ad13fdbc8ff9
ED_3755,1,6.95,7.07,1,f8f44af0872ad4c5424e5a1b915fe312
ED_3755,1,8.58,3.25,1,8d91a4ae9e684992a75953a2c88666b8
ED_3755,1,2.67,5.04,1,10bfdd32638f92fa655779169280e4b8
ED_3755,1,5.6,2.24,1,8256b8da531f46f0eba20a15b34576f9
ED_3755,1,1.97,0.19,1,4a67ad6934ff647d973a0a2836af0311
ED_3755,1,5.55,2.41,1,f875c3b2e171c39fd15428e07568ae66
ED_3755,1,0.82,0.64,1,31e80269e9251c7af6e15a614d28a1fe
ED_3755,1,13.96,6.14,1,c4e59e362da856ecfffef58cbf19a9ee
ED_3755,1,0.35,3.27,1,a5be6e4bcc7e507561baab5a2ab3e010
ED_3755,1,3.44,1.36,1,40acf113cb78ec15fee165edfc598635
ED_3755,1,5.33,6.76,1,2eaf0d3e79583d5443a1099d24e8c14f
ED_3755,1,4.71,5.47,1,d14ffaeeb6286c14be3adafe01a867ca
ED_3755,1,1.75,10.24,1,89f120c4cae39d7d1233dc74c5195fef
ED_3755,1,3.98,0.74,1,7708a7176c988bca3000596de2f4acf5
ED_3755,1,4.61,3.97,1,c8ff1eeb388542db304e8b54450c602b
ED_3755,1,6.56,3.14,1,892c8a74914b3ed62bc941d343ab2153
ED_3755,1,16.1,19.03,1,2762ebee81c3d868ee2ca966f1f8de72
ED_3755,1,0.0,0.0,0,64cfd64f055df575dfae2a618ec93cc9
ED_3755,1,2.93,2.66,1,4f300bf2fad5cf038e68f72654e25671
ED_3755,1,3.46,6.06,1,ad47db68c132f82520651e79b2f961fa
ED_3755,1,2.45,6.34,1,5ea15192625b323a169d5f3c46b60ae5
ED_3755,1,0.41,0.16,1,7a76f6b471ecf55d0ab267520e165160
ED_3755,1,3.05,1.0,1,ce362708187a2e40162c3a046b60c8a8
ED_3755,1,4.47,4.02,1,67e2d925de38464f666bdbe54ec8a8cb
ED_3755,1,0.87,1.45,1,dd85744eb9737d729676089f7f4d1b36
ED_3755,1,5.59,6.42,1,2afd1c3c20deb89f34a69c376418900d
ED_3755,1,7.87,1.71,1,1ee05e89d65ce6a2110a6fce234992c2
ED_3755,1,3.08,2.38,1,c86b4b873fda30b455e81e6768b19675
ED_3755,1,3.53,7.5,1,dba6019ec11c394df7b18d58911209e2
ED_3755,1,0.15,1.22,1,82b7b1572deacf9f258b39800d45caa5
ED_3755,1,0.89,2.89,1,9974dd5ac042065d38e279a0dc3545b3
ED_3755,1,4.0,6.64,1,ff7d1cbeebd21182c1a7ca4fcfda8717
ED_3755,1,5.93,6.72,1,080db2a72f98209375de150863cc7e61
ED_3755,1,0.0,0.0,0,63ca31687184f616a95bdeb501f2e9c1
ED_3755,1,2.38,4.43,1,15085fc2fac799945484eb0bad6f8e0b
ED_3755,1,1.85,3.82,1,1ca088f06ed04061848a0105bbf1764b
ED_3755,1,10.5,8.78,1,803c9f9715b06beb85fb9d2e61fc47a1
ED_3755,1,1.61,2.19,1,741e37bc4d320ada919b5df29b1e7f15
ED_3755,1,16.74,19.17,1,0895777ea163099a9ec214f784b6314e
ED_3755,1,3.44,1.61,1,e99c8f5843a77b164bb701d60350d594
ED_3755,1,9.63,18.03,1,2fe75dad00024061811472d148f8734c
ED_3755,1,4.3,0.16,1,c7c119c561b0cb52db53c0ac44765652
ED_3755,1,7.58,11.34,1,a2641df35ee3c71958323bfb18ba77fa
ED_3755,1,0.37,4.14,1,637c7d0c9e5eb2a9686c5a6100eba77a
ED_3755,1,10.53,5.43,1,32e6209960f4f2a477c4ddbecad19c8c
ED_3755,1,6.78,8.75,1,098b26dc39aa331f71e1e06e452e1e25
ED_3755,1,0.0,0.0,0,eb8bad278f996f723a376193101ba996
ED_3755,1,0.63,1.26,1,e94d9c2dd89d718c2b87bf05528cf297
ED_3755,1,3.41,1.95,1,422033a87c127d36cdf753707c7b7560
ED_3755,1,6.52,6.81,1,66193a6ef044bcb809164cb03237b0fc
ED_3755,1,1.08,0.41,1,0c92d232fdb883f1f8b23d4cb9a4d41b
ED_3755,1,5.76,3.41,1,80349ae686b534b6f1e776d8d219f6f8
ED_3755,1,0.63,3.19,1,eceb9123d02b059912583a8726e46dc8
ED_3755,1,0.0,0.0,0,9eaafb7f0ec90dbcf996b787c28e491f
ED_3755,1,1.49,2.74,1,39f41b85b01de1b3e6dc42b47936dcda
ED_3755,1,1.28,1.22,1,0c6427fc2c9e28a0b026c12a8eb5c2d0
ED_3755,1,4.54,6.95,1,bbb66a853c9eb83ef5164d56ab58766f
ED_3755,1,3.93,7.05,1,5fa3d325983a645b3b6835ba5f7f3b9c
ED_3755,1,4.12,7.07,1,0b42c588d9dd28f0fa2a9de36875ce81
ED_3755,1,0.77,3.55,1,4309a657fee02bcd12404980671cbd1e
ED_3755,1,0.0,0.0,0,2be9472c8df5244ac8bcd39a1b51e2e2
ED_3755,1,2.72,6.01,1,9200a78b7f040c089638212ef39d0ad7
ED_3755,1,5.36,0.0,1,fe9ab1ce7547f2f8d6ffbb81598f3bce
ED_3755,1,7.65,7.48,1,f32796c227a9664590b533e042c91541
ED_3755,1,0.0,0.0,0,3eb69ab6619414b9ae2915ed0cb4e71a
ED_3755,1,1.36,2.26,1,24a018bbe216dee13db07998a4ffd651
ED_3755,1,1.12,2.88,1,eb1fc271f9fd30e39946e064e2d6ec86
ED_3755,1,3.97,7.64,1,6cdba486cb0457df239bdb4d58cc5fe5
ED_3755,1,8.37,19.74,1,727b7224d33c26c3dfb0056cb87e7805
ED_3755,1,0.58,8.45,1,1ee2864806919846681adc7d2d705fcc
ED_3755,1,4.0,4.39,1,03566b132141fbc4e229ecd19e2ccf43
ED_3755,1,1.3,1.49,1,56cd7911379e99bfbcba911fa178264e
ED_3755,1,4.62,6.06,1,7569e4cc05028ffb860a7aa36256fd6f
ED_3755,1,2.3,1.26,1,2e5a416633f48df6c18b26b7edd8b851
ED_3755,1,1.35,2.84,1,38c047bfde444a9c5ad231a03feb931e
ED_3755,1,2.53,2.97,1,5125b64aff3fe6be5e00de6270f6901f
ED_3755,1,0.97,1.24,1,8a59315c85f053cf4a73cc10abb90171
ED_3755,1,5.02,10.9,1,998393c9dddfe7dab918b8dff983a930
ED_3755,1,3.31,6.43,1,5aa884b5bfdc68168a54f3c5461cc79a
ED_3755,1,15.06,30.26,1,37d07010da49a3e838bef588150ddb38
ED_3755,1,7.61,17.18,1,b2c28d29672b4614f24eee294e06e5c0
ED_3755,1,4.25,0.0,1,88512545ab285aaf0714162b06706e8f
ED_3755,1,4.63,3.95,1,2be2ef15a8895d1e4155776d91d7c6f7
ED_3755,1,2.27,3.1,1,d28f42779caa82f02d0a53acc3208f44
ED_3755,1,2.3,6.1,1,9173c20ea3c0a786c18532d0448d9418
ED_3755,1,4.62,2.46,1,f32d965cc54e6f20d0f6378456d3cbca
ED_3755,1,29.1,34.18,1,abcfc752ada186c861e320ea06a83208
ED_3755,1,0.91,3.82,1,eb5388b081803db9f2c25721b796d232
ED_3755,1,20.06,11.9,1,684a245a8ace6ba3f59e64af4cc617fb
ED_3755,1,0.0,0.0,0,d314bf41bf7d237ac77fc61c3012507c
ED_3755,1,3.86,2.07,1,8762110cea66460cc089ce68a7d538c4
ED_3755,1,3.52,5.51,1,e91d3b4ceb5a737be709461dbe9a22b2
ED_3755,1,4.25,4.32,1,2ecc920ae1d1cd9a69e410f45a11b8b4
ED_3755,1,4.15,2.15,1,ae2cb1d9d646d6b31d2166a57588cfd7
ED_3755,1,4.32,0.0,1,10ea77d3ea2dc1e50b7915768039c631
ED_3755,1,4.79,3.13,1,f5504711d53349f746954ec12c5f0174
ED_3755,1,4.04,1.89,1,0f473c37f8235ad141010dbb9cadf18a
ED_3755,1,1.97,1.38,1,44cd65f7a77e24aacee3ba88e145d1ae
ED_3755,1,4.56,0.0,1,82065d68190fe868079887c29b142cc0
ED_3755,1,4.01,1.42,1,d55bc2c6fec2ab30242c123242f886b5
ED_3755,1,2.72,3.26,1,a32ebabc809c1082097005e58cd62a61
ED_3755,1,0.0,0.0,0,c47cf37a9728fbc7abc3440c35ed041e
ED_3755,1,0.0,0.0,0,9d5492cc3ac614852ebd59974729b2e9
ED_3755,1,6.28,3.5,1,6c02d337c174240bdd221329441c09ec
ED_3755,1,2.31,2.01,1,05df2bedff740c371224fdaf9b143a25
ED_3755,1,3.13,2.9,1,97a006fa463874a2bee26bf0f0a46114
ED_3755,1,2.31,1.52,1,e2663543152204223eaebe7604501273
ED_3755,1,2.56,0.0,1,f9872933d93cf672ddcaadc7173c090e
ED_3755,1,3.9,1.71,1,ec8b7ae7cb139beb2972c73534d324a3
ED_3755,1,0.91,1.59,1,b4a90ed819be1060e458017afaf16caf
ED_3755,1,0.0,0.0,0,99d11b57e7f5ffe2a324f27c2d5ac3a5
ED_3755,1,6.7,3.84,1,c6577024109475450423be32565e8648
ED_3755,1,5.55,7.7,1,03dbd17b6ba258979df28b3e5931d3c9
ED_3755,1,0.0,0.0,0,719a97254ccd97d7f66c13c9d582059d
ED_3755,1,2.91,2.94,1,48b293fae0652f7bc4f5c57cfb7e9878
ED_3755,1,0.33,3.18,1,8f8785655e37d1d1845def8886c0f956
ED_3755,1,8.15,1.47,1,592af2182206f868287e72e53095142b
ED_3755,1,2.32,1.85,1,2b12a46917c6d9aada26542054aa6bf6
ED_3755,1,2.43,9.61,1,b52e236d67fec53fa501d67fa79e5a58
ED_3755,1,2.66,1.91,1,278a0ad29f00e049dbc1476dc37a6432
ED_3755,1,5.04,1.84,1,6672f031f521647f1c97b19be8d74a49
ED_3755,1,12.78,2.91,1,6f807da8e10a94f0e37121169fc17d2a
ED_3755,1,2.32,4.28,1,6e213dfa67225c0cf9dd650627eee234
ED_3755,1,1.05,2.56,1,47a2899d9daab46d4b999255c62bb187
ED_3755,1,2.69,3.22,1,a2d31187d6f308f07ea21eeb649dcfb9
ED_3755,1,0.0,0.0,0,e63d5e9af69a3d7cb542254cea09b20e
ED_3755,1,11.33,9.02,1,49dfac1c73d0ebe29c77a9725d52ff5a
ED_3755,1,4.13,8.64,1,3b1a3005b29111c7af1c04f5e73d6cac
ED_3755,1,1.93,5.9,1,1b54ea53f8e23acd44b8df7a7682c936
ED_3755,1,0.24,3.94,1,2d02a462f157b24728ed0cbbe8763345
ED_3755,1,3.77,5.88,1,4c85a6275c32e28755eb96a8152b630e
ED_3755,1,4.02,6.89,1,84064cb23936b755c7a8676d8c1270df
ED_3755,1,0.8,0.97,1,78ed91dcaf69c2f976d98f561a4bafb9
ED_3755,1,12.28,13.81,1,93453fee6df17df1375924eae5559e0a
ED_3755,1,11.14,11.08,1,2bab7ce2649b931c135587dae07b9d6e
ED_3755,1,4.51,7.78,1,a55f9cbac013d1212e8de6f64276ee8f
ED_3755,1,2.32,0.59,1,ed50d41db078f50869aeb13be629d7b6
ED_3755,1,5.94,1.72,1,d1e73860285a03ed210661a4b947e6d7
ED_3755,1,0.7,0.52,1,d06d6efe6b369871debec60013988402
ED_3755,1,1.33,0.22,1,30ad70cf95505cf9d0043dbfec6b2604
ED_3755,1,3.17,4.36,1,d8ff93f24d6133aa1194977ac941f565
ED_3755,1,5.92,4.94,1,dc224c99bc9c6cff4e886cd1d5fd28ca
ED_3755,1,1.22,6.37,1,bd1dbba0d309b2c383fb5a2eb655c071
ED_3755,1,5.26,6.04,1,b378c7cc36c94cda81eaf1f175321721
ED_3755,1,0.94,6.71,1,472c5925985cf3455b622be789b0c745
ED_3755,1,2.42,0.43,1,e2d7a021fd7de02f438816dfd5f30f5b
ED_3755,1,0.0,0.0,0,ed81a0d9c49f79f195708ab0ddd22dbd
ED_3755,1,1.8,3.05,1,93c8c6c8bc075e67cd439ec4a6d34bd5
ED_3755,1,5.99,5.4,1,a8eee03640389881038e302a6968a0c3
ED_3755,1,0.73,5.41,1,64b34241292f02f5d48d3a649e390316
ED_3755,1,0.52,1.27,1,e5528734af3a86f99e90dd12b4c5dfdf
ED_3755,1,2.58,2.57,1,48b32b059ec9edd3850fbd87230a266f
ED_3755,1,0.83,5.51,1,16bda4334ab4d8cdae8e3b7a92b93fcc
ED_3755,1,0.07,9.83,1,fd768bb1c23f2d34557115ac003d1dac
ED_3755,1,4.99,1.96,1,aa1f4af95a17bc74accfacb89560d11f
ED_3755,1,0.76,0.21,1,7b60e36142f11d1efad036c0368f1f38
ED_3755,1,4.34,7.51,1,a16303e81bf5f6cd153fce96d854b00c
ED_3755,1,3.07,1.67,1,95a548f5e7d984e6ad86d98a6397f9ae
ED_3755,1,25.41,23.2,1,f736ef57bac7a2c4f4ae2fba356b7986
ED_3755,1,0.71,8.9,1,5788608f13780a439cc4ce6ce11da027
ED_3755,1,1.68,0.14,1,88b8c79f1edba20d3786996edf21385d
ED_3755,1,0.0,0.0,0,2add3bfbe5fc325eeb6e743dcb5c834f
ED_3755,1,0.97,1.42,1,5cf9ac731e0e22c85b4549e914f20bff
ED_3755,1,16.29,13.89,1,6c30917174fcde31c13d270025fbb7dd
ED_3755,1,9.5,1.83,1,6797874ccc0bc8f91133fd0642f371ae
ED_3755,1,3.3,0.02,1,fa44626bf4d38c10d9c7aa8746ab473c
ED_3755,1,3.37,8.1,1,a990bef3c04f38a2a0649df908eb85d9
ED_3755,1,0.0,0.0,0,60a12cefc070c5e3cbd337f258356e6c
ED_3755,1,0.14,2.04,1,86e98561812d0ec000d4c6c75295c766
ED_3755,1,1.79,0.65,1,8a73371c7706b45b43a02feb6022542e
ED_3755,1,3.74,4.44,1,03a909635f5a14b5f66bc341d4a4d8c2
ED_3755,1,17.11,0.0,1,e5824a2b0e5375ae42f6ee6109a91701
ED_3755,1,1.89,4.99,1,4736a8ace52b59dd9ac0b64a9e032556
ED_3755,1,0.26,1.09,1,904447837b286d2e247d4836a5558e23
ED_3755,1,20.54,7.72,1,0465da09c7156b8352be9cba8a4f398e
ED_3755,1,3.64,2.59,1,2dbfd33fb2a04167c8c0635db01414a3
ED_3755,1,1.29,3.33,1,dd6b5bf4d88fc6be77a3bed8daf470ec
ED_3755,1,13.52,7.21,1,39f0c20cd2e3b27c834652076e012d46
ED_3755,1,0.16,2.86,1,ccc895dede46c8ad76eb9870abe01642
ED_3755,1,0.74,3.13,1,f126352bf9644f1db6c14d708aadcc58
ED_3755,1,11.94,8.97,1,88643c615d97e0e2f6b344f44d9561b9
ED_3755,1,6.45,8.75,1,c767d4044f1317eb729986f39fb95964
ED_3755,1,11.28,11.05,1,c402cf9812ddea3c389be742d32fcf53
ED_3755,1,5.58,4.47,1,6343b4b18752b71bc5c7ffa30bc48e20
ED_3755,1,2.44,0.36,1,a53c43cae8358a7027fcf4453c7fe639
ED_3755,1,4.83,9.07,1,476cab677c1b17003e366cae60331d76
ED_3755,1,12.67,7.3,1,a44fa832b43f39e8a9e632986e8d9696
ED_3755,1,1.96,3.51,1,431d7005baf917fe67c5333fb28b937d
ED_3755,1,2.5,1.7,1,f6614b70b94b3dd8f45d7de649db8201
ED_3755,1,2.62,1.9,1,6d32bf68a8b7d7352c32602a293698f3
ED_3755,1,4.56,7.67,1,89dfcdf0d9c971b085a3f53cce53cd61
ED_3755,1,2.86,2.47,1,eb6218305dbe7fc331dd807f33e3cf67
ED_3755,1,1.78,1.4,1,5c3900427570faeb580b237ae0506fee
ED_3755,1,4.22,4.53,1,d44522ec5f562cc43d1691cd839fcc09
ED_3755,1,3.25,3.46,1,0cdfd7c9555ed774ef57c1bd9f9d9cc5
ED_3755,1,3.68,5.95,1,034b6d7e62b581ed9a0ec3d4a5594ee9
ED_3755,1,3.24,2.76,1,41eb1b61e22d3ae5f8c9b1ac5dd398a3
ED_3755,1,1.33,3.75,1,d33b8264a250ee9e41139ac9a2e1d967
ED_3755,1,12.69,16.29,1,f3398d9e2d87eacfa66976bef35d9ba1
ED_3755,1,2.88,3.69,1,54783b51460c341cf1809c4c50d91789
ED_3755,1,4.23,5.31,1,1fd6d28508d640974a11c8e5956a67e3
ED_3755,1,3.56,3.63,1,b4a018a56f6428a301d368449568b9b0
ED_3755,1,6.68,0.07,1,71197546eabac4b4aacac8bd7b2a823a
ED_3755,1,2.38,4.26,1,aa082e6e326a9d8ccf1c3f0d700c8988
ED_3755,1,6.18,3.67,1,d17dcd1a9d0f6b1ebc9f8ee6a5ca0dcd
ED_3755,1,0.0,0.0,0,ff4f3883bdf014378b6ba6f7433a8d44
ED_3755,1,2.69,0.57,1,94d693c3158a0d8c90ef744f1c307d5c
ED_3755,1,2.91,0.56,1,46c2837e059558f934bcbf116c123520
ED_3755,1,0.0,0.0,0,bdd6d0f198de7dd363b1f0942e16153b
ED_3755,1,4.74,3.52,1,0822886cfc3c7e5a2e0177a489d0b0c5
ED_3755,1,5.54,5.07,1,9ab7cc520624df65af908c00cede6135
ED_3755,1,3.21,1.85,1,4a218eeb948e68719bd7fbbaf0b3e180
ED_3755,1,0.23,0.18,1,7674fb9688574824848424784cbeed78
ED_3755,1,6.42,1.99,1,7597e3c4c74b041434fa67e29abf8918
ED_3755,1,7.21,7.9,1,82c776eccdf54ae9f0140fac036fdadb
ED_3755,1,0.0,0.0,0,40eca46e59568a069380f373dc949439
ED_3755,1,0.0,0.0,0,1b338912727f36c90afe3ef0a4245cec
ED_3755,1,4.01,1.96,1,6d8426a0013cd72b180e785ef5d83c9b
ED_3755,1,4.33,0.64,1,438f5e8cb818de6bf78a147914e50487
ED_3755,1,5.45,7.99,1,95bc62ee3206fa850178c57557a8ac0c
ED_3755,1,4.45,5.2,1,7050bcae6c74fc3ac68205dfcd0c0588
ED_3755,1,2.65,2.79,1,6cd75094175bd2924ba4149bc978703e
ED_3755,1,4.56,1.79,1,f2944234a4cf2b59136a69b6e646ebcc
ED_3755,1,4.38,9.09,1,e81c978cb67d15c314490e4dee6a9d9d
ED_3755,1,6.8,1.34,1,88bf0d9129e7e46fb9072bfb9679b5c6
ED_3755,1,3.43,0.34,1,54437cffadd03878a93c2a4a91211f0b
ED_3755,1,3.3,5.46,1,6539cadde22514040fdb56848649677b
ED_3755,1,4.44,0.97,1,8c8b6f4a956b4d13313700f5a86db27c
ED_3755,1,2.82,6.49,1,5dd01735b217c2d9e637d4b84e402d5b
ED_3755,1,4.44,5.08,1,cda3d5c7fbc5c190fee51dcb343a638f
ED_3755,1,2.82,1.68,1,03d45fafde560371c2f988abf819cd4b
ED_3755,1,3.8,0.56,1,ddaee8bdcb53f42701d6879662fa7a16
ED_3755,1,7.86,1.15,1,83c602a653e3a0df387255c0f0f4cadc
ED_3755,1,2.49,1.01,1,de705ec2cc6eaa6e9aca099737740c12
ED_3755,1,0.0,0.0,0,65902deb8dd56925c079fe296e9f6125
ED_3755,1,2.08,1.94,1,6d73fcb02441a64f642327546ec8dcf1
ED_3755,1,0.8,1.86,1,71551e3e88d164b2bc592d2291a0156b
ED_3755,1,3.92,1.95,1,51592d5e92582327a7a9b21449925751
ED_3755,1,1.5,1.05,1,1e07fc3436cf385cbaa2f663df0860fc
ED_3755,1,2.11,3.9,1,8315c84920f1f1059dbef1246aeb9fa6
ED_3755,1,3.49,9.75,1,d08b6a0b33722860551352e68a9da148
ED_3755,1,3.41,4.3,1,16e279666c9192f9bebfb72558fc5d98
ED_3755,1,0.0,0.0,0,1033cb9a27983b154f11a2fbe5785379
ED_3755,1,0.37,2.31,1,0e113887cc8589654d85a4fe81902477
ED_3755,1,5.0,9.08,1,cb9e69c99fa1f3246d0829a454cf794c
ED_3755,1,5.72,8.72,1,c5bf8d9d56d0882c91d595d0f80753db
ED_3755,1,3.76,3.74,1,6561e8238e5464eadd44ab885c83d0e8
ED_3755,1,3.96,4.4,1,3142d14f475ad03fd922ca69f7f741f9
ED_3755,1,0.0,0.0,0,716839c82b44d6de727bcc62e1caa2a5
ED_3755,1,0.0,0.0,0,878af037ebaf92d006b63a13e51677eb
ED_3755,1,0.12,1.22,1,cdc1083fb77531a2728b793e3ba3e450
ED_3755,1,1.41,3.51,1,db0434942666afab53ce2babe7f1b35a
ED_3755,1,3.39,8.68,1,d8b15bac9618141c80a86886e973e36e
ED_3755,1,2.04,3.39,1,2cf8364dded37536136d3ce622c884fd
ED_3755,1,4.28,0.24,1,76c0ac5d1ec870f9f4f5729a45203fc5
ED_3755,1,3.66,5.79,1,544b9669ce94e671819b7e0471751e37
ED_3755,1,6.11,4.11,1,2f956ab1dafa3c70332bf18fe6ab9a25
ED_3755,1,3.96,3.05,1,450014418ee7ea6377630a4e6663f3a1
ED_3755,1,3.81,0.8,1,6634edcf98c1ca58d84591b32b9f8511
ED_3755,1,6.3,6.07,1,de188d99ffa4311ae0fb09aae2b0858d
ED_3755,1,7.93,1.21,1,ccfbade6f281f0c950a5e9919a2cc31a
ED_3755,1,15.18,26.96,1,6e8cad98da9ac8ab09bd52109e439c41
ED_3755,1,3.42,2.96,1,f123dd19ad1b5204dffed1c49a9b2350
ED_3755,1,5.47,1.76,1,9d084496781c29c840da2b4361b8689e
ED_3755,1,11.89,23.09,1,dee7603cf0b19248530e1e8ab9933a91
ED_3755,1,1.59,3.2,1,5b8f01f8057de9d1fc9b2399c84bc1fa
ED_3755,1,8.63,4.14,1,81acf486ba9fb8dda1bc5df1a799fcfe
ED_3755,1,1.49,0.35,1,acae951cea64a0a66ad6434d1b27cdbe
ED_3755,1,4.05,3.03,1,f57155b4804568c4ddbcf1566179b09d
ED_3755,1,3.44,1.59,1,0a8e0fbd24f72010b3dfbc9f42c3ab86
ED_3755,1,3.14,3.17,1,c737912954f9565086827291d7e4fe00
ED_3755,1,4.43,5.96,1,5c1b76912fc1c25a6950b1c33468bf11
ED_3755,1,6.29,9.4,1,3aef041527371196b937fbe08a79b5f8
ED_3755,1,2.55,2.83,1,2e52ff98a27de2be95c8e4e713b6a6a7
ED_3755,1,3.48,1.03,1,e40fb1bb1202e7edd816186d5ab7c220
ED_3755,1,0.0,0.0,0,a483b8e9ccaada7422f5ac1d5cceed73
ED_3755,1,5.97,7.56,1,d9356710f5973f117b9a292dbf8da7b4
ED_3755,1,0.0,0.0,0,d4ad15c364339acce7655a79d89143fb
ED_3755,1,19.45,2.83,1,2975095a10349e3d61494dc4480e1d50
ED_3755,1,1.07,0.63,1,dddac3185d2caa1cfd362f404ddf55e2
ED_3755,1,1.13,6.22,1,c645bfb5069346041a7034b71cca1616
ED_3755,1,6.5,9.68,1,f2f796fa012b84f17abc8a568bf2e821
ED_3755,1,5.49,6.96,1,35b7bae11934b4c64ad9b79556ec01e6
ED_3755,1,4.16,4.25,1,cd2f0ec93ec9ceaf70fe1f435563f0de
ED_3755,1,1.2,2.02,1,5a8080ad30b9103ed362b4ccab14896a
ED_3755,1,4.94,3.66,1,3e035eb57c637fc563f917d63747b244
ED_3755,1,2.73,6.93,1,8d8fe479124c61ff0be5545eea88495c
ED_3755,1,0.59,2.3,1,5cecb4a805e1f6e3b6fc39e65fee6158
ED_3755,1,1.68,0.75,1,fb53175f3128fe3aa9523fc4c815fdbd
ED_3755,1,8.89,10.86,1,6afafcfa85da487e11b852cfc7478a2b
ED_3755,1,0.48,2.64,1,c358bbf7719a2382c5a407486fc298cd
ED_3755,1,3.2,1.11,1,bc32e9bc99feb19ec12f71a6ba933c06
ED_3755,1,4.66,4.15,1,6d79fd1c1c9aba2ac2abd6cf522fd0de
ED_3755,1,1.29,5.3,1,dc0fa7eefae1dbd554d1df2cc80643d5
ED_3755,1,0.0,0.0,0,72c299d72da1b24977cf13318125f122
ED_3755,1,2.11,0.01,1,66ae026501ea672b6eb22a692e4d94ab
ED_3755,1,4.66,4.49,1,652c70cac656a41930688e3c75d062df
ED_3755,1,3.7,5.16,1,485d8a81b95690f14062dd74933fa676
ED_3755,1,3.41,4.25,1,996ee5699ced4322032657ada8b3112c
ED_3755,1,11.09,13.28,1,dee02f83cc2eb5ced2df71f9d959de9f
ED_3755,1,0.0,0.0,0,b3c707531a0e14195916b44de204405c
ED_3755,1,20.32,23.16,1,c6527a459e0cbfbb78eb0210ea31bbf0
ED_3755,1,4.44,8.73,1,9eeba401660bc30ad1da7fc6c05a580d
ED_3755,1,14.83,10.78,1,8216921a0fde335cb541cf990acea9bc
ED_3755,1,2.29,2.05,1,e07b431360c525569a16af5aba9f97f4
ED_3755,1,9.19,9.76,1,f0794a34bb9a703a04b068714903e77a
ED_3755,1,1.91,0.84,1,888ff843d31ab04601741056ad7439ed
ED_3755,1,9.4,4.09,1,71533e52dd24e8fb4a13da5c2625fa7e
ED_3755,1,2.02,2.82,1,a353745839629f786efebb0980fce48a
ED_3755,1,7.55,16.33,1,77bbb20d5bad86ca4c532a6e98053c31
ED_3755,1,4.37,5.95,1,e25053442af7c5ab86ad99ea398fa974
ED_3755,1,2.92,4.0,1,3311eb672ed34a07a5fbd5c131b85cfe
ED_3755,1,0.0,0.0,0,3898f962d6a4bba039b168a24578a628
ED_3755,1,4.33,7.39,1,f869b58ad9f6e7fb8072a96f2179967c
ED_3755,1,5.82,8.51,1,4c09ab51c84096f975f2709d1d48ad40
ED_3755,1,4.97,5.86,1,cc76aef129cc057d3d5043ea4834b6b3
ED_3755,1,3.54,4.21,1,6c54e869f0cc63462d2d25707c797925
ED_3755,1,0.0,0.0,0,b4e69c5d06ffab78146182e125eecc71
ED_3755,1,3.92,1.5,1,a5c2406f0b064a114aa8d1cb82e0ef4a
ED_3755,1,9.76,3.36,1,aed96be028ec702cf325c61a7478e601
ED_3755,1,0.0,0.0,0,e46589e966d3651d02c0e05954388d9e
ED_3755,1,0.45,0.21,1,a4a76486761fddec3130cafc24b21351
ED_3755,1,2.13,2.45,1,a732036c9584a5c5924d2be2431bfc20
ED_3755,1,1.89,5.26,1,75bb515db7290bf6034a15cb07b08fe6
ED_3755,1,3.87,2.45,1,d94440748081d63de53bdcba5886382c
ED_3755,1,6.65,9.6,1,d00bf2479e88615468740fe9048f41a0
ED_3755,1,2.79,4.28,1,9032329d060c125dfe5f05793d8b1d73
ED_3755,1,0.99,1.18,1,7dc3c7e3b72834f2e2d2f9526b570fb4
ED_3755,1,2.5,4.84,1,66f2963b84b0f23b59f7492753ff5dbc
ED_3755,1,6.39,6.03,1,ec2a0d58bdb780b7cabcdfce74b175ed
ED_3755,1,4.42,2.11,1,e9a3b6d206796bac218d5caaa4948cfe
ED_3755,1,6.36,6.48,1,9aaf913508d35800f111c625c2071174
ED_3755,1,1.39,1.72,1,1098ed78d009bc0b1d3da62a4c2d4574
ED_3755,1,3.61,9.71,1,14c53596a072e1628d8f45efd178009c
ED_3755,1,2.95,3.33,1,2bf284aa6d0383a9c26722fff685ede1
ED_3755,1,1.11,1.54,1,48b7cff1d5f70296a4d998bf08ffc031
ED_3755,1,4.49,0.8,1,f97095d3cddf3eb51b8a9e5200528dc8
ED_3755,1,0.34,2.77,1,07630b56c874ea2fcd4e8097455491e6
ED_3755,1,3.62,1.56,1,a4b36e79ec9013c67fd88c11967e96f7
ED_3755,1,0.93,4.84,1,31cd263ac3de1f29530e76d30ec4c9d4
ED_3755,1,1.31,0.12,1,b28bf332e4addaaee3047643cbf6dcf7
ED_3755,1,1.12,5.82,1,7a14bb90876d8b14a92eb2c54a18aa1a
ED_3755,1,0.0,0.0,0,bceca381267e203ab07730df733cadc8
ED_3755,1,3.95,1.82,1,0d447e2a61768aa44c3e4d45e6a4a10e
ED_3755,1,1.19,2.63,1,f6ba24689e23c8f8c61ce21cce1b657d
ED_3755,1,27.88,19.2,1,c4df4b329c703362d4a47fc4230cc3da
ED_3755,1,8.59,10.89,1,0723d484d9593e72e7cef9827581cf98
ED_3755,1,4.06,3.45,1,b6d6a4f1dcff796bb205470fe8480dc0
ED_3755,1,9.35,2.17,1,b147b9893217605aaa5b2c5011ed83de
ED_3755,1,1.47,0.31,1,32a5641b476cd1105d2811fa2b635ec5
ED_3755,1,7.43,18.16,1,bacf4cc109d49ceb2d12dbb5f506a6e2
ED_3755,1,4.17,3.92,1,5e97877eb011a665dd223e884cc46015
ED_3755,1,0.38,5.69,1,28947430df7caa10ea8bbbae4815af67
ED_3755,1,3.28,3.5,1,60394c2a47845fbd54ff43ecb41b8a0d
ED_3755,1,8.78,14.89,1,31346ae6c9ef1695c4a9fec1f5241f98
ED_3755,1,1.05,6.0,1,65c496d0cbbdc634f1f8ac865fc7c05f
ED_3755,1,11.62,18.46,1,425f76b533c661885cf5feb1d082f70d
ED_3755,1,0.21,3.22,1,fdb7d44f325cfdd0e34a058b6cdf30f9
ED_3755,1,14.35,21.18,1,dddf4e93aaa71dbb6e8d77ca8a107a29
ED_3755,1,2.07,4.98,1,d1601147999c61341980de4b68839a50
ED_3755,1,1.82,5.47,1,1e20e256b1c7619bd65bad22f98137a0
ED_3755,1,2.21,4.32,1,a708ec91ea53bafb848ed2bef839d375
ED_3755,1,0.0,0.0,0,b60e516197b897db362d0979f3f3402c
ED_3755,1,3.3,5.05,1,de2624f46ed9650aa735054ed60b157a
ED_3755,1,0.81,7.53,1,571025df870ca8b7611ea00fb9f5d649
ED_3755,1,0.12,2.28,1,a8000dc0cb77e321f9f05f82dbfb5da1
ED_3755,1,4.42,2.77,1,7567690e34cd1d570fe76dcf10e6233c
ED_3755,1,32.02,41.24,1,093fd880811e3da7c129903da2f25820
